id,date,first_name,last_name,email,gender,ip_address,country,price_paid,tax
1,03/28/2021,Marylin,Alders,malders0@shop-pro.jp,Male,160.119.8.119,Canada,$5.36,
2,03/19/2021,Hinda,Harridge,hharridge1@gnu.org,Female,210.51.172.132,Canada,$8.32,
3,03/17/2021,Erl,Kilminster,ekilminster2@etsy.com,Male,213.8.101.145,United States,$3.73,20
4,03/19/2021,Grata,Brantl,gbrantl3@umn.edu,Female,5.140.237.101,United States,$3.70,20
5,03/24/2021,Kanya,Beasant,kbeasant4@jigsy.com,Male,106.252.162.233,Morocco,$9.24,20
6,03/25/2021,Titos,Braybrooke,tbraybrooke5@umn.edu,Female,173.100.21.179,United States,$5.82,
7,03/14/2021,Ava,Kencott,akencott6@phoca.cz,Female,118.251.45.43,Canada,$6.29,
8,03/08/2021,Codi,Feasley,cfeasley7@ed.gov,Male,26.190.191.249,France,$3.01,20
9,03/09/2021,Waylon,Heersema,wheersema8@tumblr.com,Male,63.242.174.112,Canada,$3.70,20
10,03/23/2021,Guglielma,Gookes,ggookes9@amazon.co.uk,Male,169.100.6.0,France,$9.05,
11,03/11/2021,Lief,Woodcraft,lwoodcrafta@sitemeter.com,Male,201.76.240.51,Canada,$5.71,
12,03/16/2021,Bailie,Wyman,bwymanb@lulu.com,Male,222.60.138.222,United States,$3.15,20
13,03/05/2021,Janice,Morillas,jmorillasc@miibeian.gov.cn,Female,24.25.198.252,Canada,$5.30,20
14,03/24/2021,Cull,Vassie,cvassied@unblog.fr,,18.203.61.94,France,$5.97,20
15,03/21/2021,Oralie,Maryon,omaryone@va.gov,Female,215.248.16.198,United States,$4.53,20
16,03/24/2021,Julina,Faint,jfaintf@amazon.co.jp,Female,96.193.4.151,United States,$4.10,20
17,03/27/2021,Eve,Allaway,eallawayg@ebay.co.uk,Female,184.107.59.156,United States,$6.44,20
18,03/20/2021,Esta,Boulden,ebouldenh@posterous.com,,220.109.140.190,United States,$3.16,20
19,03/16/2021,Judye,Behan,jbehani@google.es,Female,27.196.2.18,France,$4.90,20
20,03/01/2021,Sibeal,Mounch,smounchj@rakuten.co.jp,Male,218.17.7.177,Canada,$5.82,20
21,03/12/2021,Jeffrey,Stanman,jstanmank@latimes.com,Female,3.110.64.192,France,$5.55,20
22,03/05/2021,Mendie,Ayer,mayerl@squarespace.com,Male,166.97.124.52,Canada,$4.86,20
23,03/03/2021,Muriel,Pexton,mpextonm@bing.com,Male,113.10.187.192,Canada,$6.72,20
24,03/09/2021,Ermanno,Ghost,eghostn@webnode.com,Male,144.170.210.226,Canada,$9.79,
25,03/02/2021,Tod,Willets,twilletso@artisteer.com,Male,101.42.146.88,Canada,$8.23,
26,03/14/2021,Nobe,Stobbart,nstobbartp@php.net,Female,126.155.177.249,United States,$9.90,
27,03/27/2021,Elyse,Glaysher,eglaysherq@mayoclinic.com,,165.91.52.42,United States,$5.88,
28,03/25/2021,Staford,London,slondonr@sphinn.com,Male,247.235.26.222,United States,$3.06,20
29,03/03/2021,Willabella,Robbins,wrobbinss@tinyurl.com,Female,129.71.210.8,,$9.52,20
30,03/02/2021,Edi,Petru,epetrut@census.gov,Male,117.48.20.14,United States,$6.76,20
31,03/28/2021,Tommi,Ditchburn,tditchburnu@bbc.co.uk,Female,8.92.173.38,Morocco,$7.81,20
32,03/10/2021,Jillene,Baudi,jbaudiv@gizmodo.com,Female,184.161.57.67,France,$6.02,20
33,03/29/2021,Eadmund,Laurent,elaurentw@economist.com,Male,121.149.77.253,United States,$5.00,20
34,03/20/2021,Cam,Francescoccio,cfrancescocciox@si.edu,Female,177.11.5.62,United States,$5.34,20
35,03/02/2021,Trescha,McCudden,tmccuddeny@nbcnews.com,Female,195.84.81.131,France,$4.67,20
36,03/11/2021,Charmian,Greenleaf,cgreenleafz@tinypic.com,Male,46.184.249.156,France,$6.22,20
37,03/08/2021,Daisy,Jobey,djobey10@ovh.net,Male,37.228.186.236,France,$3.37,20
38,03/20/2021,Byram,Dudman,bdudman11@barnesandnoble.com,Male,37.111.199.4,United States,$9.50,
39,03/22/2021,Matthus,Saket,msaket12@netlog.com,Female,248.135.20.146,Canada,$4.54,20
40,03/14/2021,Murdock,Speaks,mspeaks13@yellowbook.com,Female,76.114.76.139,Canada,$4.04,20
41,03/17/2021,Em,Dupoy,edupoy14@foxnews.com,Male,59.105.241.85,United States,$3.45,20
42,03/23/2021,Filberte,O'Hickey,fohickey15@bandcamp.com,Female,234.227.126.136,France,$4.96,
43,03/22/2021,Tonia,Jacqueme,tjacqueme16@hugedomains.com,Male,65.151.183.165,Morocco,$5.29,20
44,03/22/2021,Karena,Stirland,kstirland17@privacy.gov.au,Male,138.129.241.41,United States,$8.11,
45,03/20/2021,Maribelle,Shiel,mshiel18@gravatar.com,Male,193.194.124.171,United States,$3.37,20
46,03/29/2021,Sheba,Pobjay,spobjay19@google.com.br,Male,187.254.110.64,United States,$7.80,
47,03/14/2021,Keene,Bewsy,kbewsy1a@prweb.com,Female,106.95.49.87,France,$4.21,
48,03/16/2021,Georgy,Morgen,gmorgen1b@cbsnews.com,Female,122.68.233.36,United States,$9.81,20
49,03/27/2021,Sylas,Caffin,scaffin1c@slashdot.org,Female,121.178.114.236,United States,$9.70,
50,03/16/2021,Grantham,Kerins,gkerins1d@paginegialle.it,,198.251.41.159,France,$9.71,20
51,03/26/2021,Maybelle,Lile,mlile1e@imageshack.us,Male,42.18.189.159,France,$3.88,20
52,03/14/2021,Shani,Dumbarton,sdumbarton1f@istockphoto.com,Male,129.187.68.60,France,$3.40,
53,03/16/2021,Isiahi,Mowsdell,imowsdell1g@merriam-webster.com,Male,157.41.219.153,Canada,$9.23,
54,03/17/2021,Ange,Purvess,apurvess1h@ucsd.edu,Male,190.14.100.103,United States,$6.57,20
55,03/25/2021,Odell,Ricart,oricart1i@discovery.com,Male,180.212.254.151,France,$9.99,
56,03/25/2021,Boy,Tilzey,btilzey1j@zdnet.com,Female,51.0.127.71,France,$6.94,
57,03/05/2021,Novelia,Najafian,nnajafian1k@cam.ac.uk,,128.7.68.157,Canada,$4.26,20
58,03/21/2021,Barrie,Sigge,bsigge1l@jimdo.com,Female,82.179.81.190,France,$9.13,20
59,03/12/2021,Eward,O' Finan,eofinan1m@nature.com,Male,24.125.78.128,United States,$6.66,
60,03/11/2021,Haley,Cocksedge,hcocksedge1n@berkeley.edu,Female,151.59.239.30,United States,$9.35,
61,03/06/2021,Renault,Clowes,rclowes1o@deliciousdays.com,Female,71.116.24.144,France,$3.04,
62,03/17/2021,Mill,Haughan,mhaughan1p@ox.ac.uk,Female,75.242.73.109,United States,$6.17,20
63,03/20/2021,Marlee,Dyas,mdyas1q@instagram.com,Male,110.71.126.71,United States,$7.68,20
64,03/11/2021,Marcus,Helstrom,mhelstrom1r@ucoz.ru,Female,51.22.236.65,Canada,$4.23,20
65,03/29/2021,Kelbee,Carriage,kcarriage1s@sina.com.cn,Female,215.109.221.149,Canada,$4.69,20
66,03/29/2021,Kaitlin,Doubrava,kdoubrava1t@icio.us,Female,35.144.221.80,France,$4.96,20
67,03/25/2021,Leonora,Eburah,leburah1u@businessinsider.com,Female,24.251.251.171,Canada,$7.56,20
68,03/19/2021,Madlin,Filyakov,mfilyakov1v@blinklist.com,Female,105.246.16.57,United States,$5.92,
69,03/02/2021,Derick,Hunnicutt,dhunnicutt1w@chronoengine.com,Female,254.233.180.149,France,$4.65,20
70,03/16/2021,Jose,Oliva,joliva1x@ovh.net,Male,219.6.130.3,Canada,$6.79,20
71,03/22/2021,Dallis,MacShirrie,dmacshirrie1y@homestead.com,,157.247.89.154,France,$8.71,20
72,03/25/2021,Randolf,Poskitt,rposkitt1z@ftc.gov,Female,28.233.71.44,France,$8.96,
73,03/20/2021,Phillipp,Benedict,pbenedict20@smugmug.com,Female,95.56.229.198,France,$4.39,
74,03/23/2021,Brad,Ramsell,bramsell21@tmall.com,Female,189.139.189.33,United States,$7.54,20
75,03/24/2021,Kasper,Asman,kasman22@economist.com,Female,244.250.30.154,United States,$5.83,20
76,03/28/2021,Penelope,Brood,pbrood23@macromedia.com,Male,223.231.69.66,Morocco,$6.39,
77,03/07/2021,Angelle,Wilhelmy,awilhelmy24@usa.gov,,253.163.29.15,United States,$9.60,20
78,03/27/2021,Candace,Birckmann,cbirckmann25@biglobe.ne.jp,Male,121.42.33.122,France,$9.68,20
79,03/16/2021,Patrice,Mariot,pmariot26@jimdo.com,Female,209.170.62.244,United States,$9.86,20
80,03/16/2021,Rutger,Trehearne,rtrehearne27@bbb.org,,212.223.154.230,Canada,$5.53,
81,03/11/2021,Desirae,Sappell,dsappell28@mapquest.com,Female,66.200.246.118,United States,$3.51,20
82,03/17/2021,Carlye,Giovannardi,cgiovannardi29@yolasite.com,Female,87.155.73.244,Canada,$8.43,
83,03/20/2021,Ricca,Mantle,rmantle2a@ucla.edu,Male,122.11.31.203,Canada,$6.89,20
84,03/14/2021,Mandi,Mancell,mmancell2b@bing.com,Male,70.217.127.60,France,$9.60,20
85,03/25/2021,Donavon,Dilleston,ddilleston2c@sphinn.com,Male,142.236.166.226,United States,$6.68,20
86,03/17/2021,Waite,Penticoot,wpenticoot2d@netlog.com,Male,168.66.240.53,Canada,$7.56,
87,03/30/2021,Bonni,Mathews,bmathews2e@xing.com,Male,33.239.243.127,Canada,$4.66,
88,03/27/2021,Cairistiona,Saye,csaye2f@prnewswire.com,,148.117.93.80,United States,$4.39,
89,03/21/2021,Randy,Tiebe,rtiebe2g@livejournal.com,Female,98.223.40.3,Morocco,$4.95,20
90,03/03/2021,Laverne,Dunbobin,ldunbobin2h@indiegogo.com,Male,35.39.214.157,,$6.77,20
91,03/06/2021,Addy,Berthelet,aberthelet2i@wikispaces.com,Female,22.53.57.23,France,$7.48,
92,03/02/2021,Camey,Petrolli,cpetrolli2j@elegantthemes.com,Female,102.2.160.159,United States,$7.23,20
93,03/19/2021,Merrill,Ambrosini,mambrosini2k@ibm.com,Female,178.168.158.156,France,$8.12,
94,03/17/2021,Mikaela,Alberti,malberti2l@linkedin.com,Male,63.242.234.222,France,$3.16,20
95,03/17/2021,Shannan,Giacomozzo,sgiacomozzo2m@psu.edu,Female,101.143.192.29,United States,$5.80,
96,03/09/2021,Winnifred,Hallwood,whallwood2n@virginia.edu,Male,112.42.117.8,France,$6.06,20
97,03/20/2021,Devonne,Clowsley,dclowsley2o@ebay.co.uk,Female,118.214.156.60,United States,$4.71,
98,03/23/2021,Nikolai,Hallett,nhallett2p@marketwatch.com,Female,59.88.118.165,France,$7.78,20
99,03/06/2021,Gerardo,Antley,gantley2q@php.net,Male,112.48.89.18,Canada,$9.67,20
100,03/02/2021,Boy,Jimenez,bjimenez2r@ucla.edu,,58.118.127.65,Canada,$9.93,20
101,03/04/2021,Jinny,Del Castello,jdelcastello2s@nhs.uk,Female,163.222.153.114,France,$4.56,
102,03/18/2021,Fletch,Hambers,fhambers2t@trellian.com,Female,151.247.8.3,United States,$4.42,20
103,03/02/2021,Fanya,Rhead,frhead2u@seattletimes.com,Female,133.33.240.114,United States,$4.12,20
104,03/30/2021,Richmond,Matis,rmatis2v@illinois.edu,Male,169.120.35.77,United States,$8.96,
105,03/07/2021,Lay,Bouchier,lbouchier2w@multiply.com,Male,219.90.36.188,Morocco,$4.32,20
106,03/02/2021,Kellina,Breache,kbreache2x@answers.com,Female,206.75.70.95,United States,$5.80,20
107,03/09/2021,Olivie,Hlavac,ohlavac2y@vkontakte.ru,Female,229.116.105.58,France,$8.83,20
108,03/19/2021,Warren,Rush,wrush2z@topsy.com,Female,211.180.214.236,France,$3.18,20
109,03/09/2021,Baxie,Bisp,bbisp30@sourceforge.net,Male,56.56.76.22,France,$8.86,20
110,03/27/2021,Hercules,Hyman,hhyman31@cargocollective.com,Female,0.12.221.255,France,$7.20,
111,03/28/2021,Cordy,Bagnell,cbagnell32@tuttocitta.it,Female,223.175.5.223,Canada,$3.72,
112,03/14/2021,Kent,Mathonnet,kmathonnet33@google.ru,Female,201.204.154.204,United States,$7.67,20
113,03/06/2021,Alyse,Skelding,askelding34@cloudflare.com,Male,219.63.139.86,United States,$8.68,20
114,03/09/2021,Greggory,Leverentz,gleverentz35@yolasite.com,Female,46.221.12.122,France,$9.58,20
115,03/19/2021,Delila,Littlemore,dlittlemore36@kickstarter.com,Female,63.190.206.151,France,$7.91,20
116,03/18/2021,Michael,Domini,mdomini37@umich.edu,Male,227.58.80.112,United States,$6.94,
117,03/07/2021,Hedvig,Randlesome,hrandlesome38@oakley.com,Female,100.139.161.162,France,$7.65,20
118,03/02/2021,Rube,De Pero,rdepero39@time.com,Female,100.130.129.132,United States,$8.77,20
119,03/27/2021,Olly,Meadowcroft,omeadowcroft3a@uol.com.br,Male,152.184.8.210,United States,$7.17,20
120,03/25/2021,Kristal,Kettel,kkettel3b@nps.gov,,151.36.18.192,Morocco,$9.47,20
121,03/17/2021,Tasha,Monkhouse,tmonkhouse3c@chronoengine.com,Male,201.119.190.49,United States,$8.97,20
122,03/25/2021,Pen,Jacques,pjacques3d@walmart.com,Female,23.111.121.33,United States,$6.07,20
123,03/01/2021,Karrie,Stacy,kstacy3e@ycombinator.com,Female,35.24.98.244,United States,$9.89,20
124,03/26/2021,Shaun,Palphreyman,spalphreyman3f@boston.com,Male,208.119.248.27,France,$8.85,20
125,03/10/2021,Calla,Willes,cwilles3g@prweb.com,Female,180.82.0.253,France,$9.58,
126,03/28/2021,Kaleena,Lewry,klewry3h@mediafire.com,Male,255.143.66.218,United States,$9.37,20
127,03/09/2021,Caryl,Barrowcliff,cbarrowcliff3i@census.gov,Male,184.206.35.230,France,$7.03,
128,03/27/2021,Guthrey,Boatswain,gboatswain3j@scribd.com,Female,192.74.231.217,United States,$4.42,
129,03/20/2021,Addi,Hardwicke,ahardwicke3k@opensource.org,Female,15.150.230.153,France,$5.90,20
130,03/01/2021,Lockwood,Folca,lfolca3l@bing.com,Male,117.217.67.111,United States,$4.00,20
131,03/11/2021,Piotr,Stang-Gjertsen,pstanggjertsen3m@shutterfly.com,Male,114.149.141.1,France,$6.88,20
132,03/09/2021,Ricky,Guerra,rguerra3n@linkedin.com,Female,125.195.28.117,,$8.75,
133,03/26/2021,Nowell,Nelson,nnelson3o@dyndns.org,Male,246.190.254.169,Canada,$3.03,20
134,03/13/2021,Hermann,Sinott,hsinott3p@godaddy.com,Female,223.107.58.22,Canada,$6.64,20
135,03/27/2021,Auria,Trumpeter,atrumpeter3q@about.com,Male,203.247.96.162,France,$8.65,20
136,03/09/2021,Avery,Amner,aamner3r@ucoz.com,Female,12.138.100.194,United States,$5.98,
137,03/29/2021,Calida,Ilsley,cilsley3s@netvibes.com,Female,96.89.102.85,United States,$8.69,20
138,03/01/2021,Amelita,Guard,aguard3t@ocn.ne.jp,Male,101.72.14.91,France,$4.46,20
139,03/17/2021,Greg,Bernucci,gbernucci3u@themeforest.net,Male,58.166.190.147,United States,$3.03,
140,03/29/2021,Tobi,Mennear,tmennear3v@opensource.org,Female,254.141.57.143,France,$4.24,
141,03/02/2021,Tiffy,Easdon,teasdon3w@apache.org,Male,9.96.116.162,France,$8.79,
142,03/01/2021,Flossi,Hencke,fhencke3x@reverbnation.com,Male,252.171.117.182,France,$4.82,20
143,03/27/2021,Zelma,Whitefoot,zwhitefoot3y@cbsnews.com,Female,29.103.110.173,France,$8.16,20
144,03/27/2021,Gisela,Aggott,gaggott3z@economist.com,Male,201.132.191.122,France,$7.19,20
145,03/17/2021,Beale,Jannaway,bjannaway40@nba.com,Female,201.218.125.4,United States,$5.87,20
146,03/05/2021,Cully,Carruth,ccarruth41@goodreads.com,Female,180.69.184.169,United States,$7.05,
147,03/24/2021,Lyndsey,Winfred,lwinfred42@blog.com,Female,86.206.48.90,United States,$3.93,
148,03/28/2021,Thorin,Neagle,tneagle43@netvibes.com,Female,222.183.68.146,,$4.00,20
149,03/16/2021,Wernher,Crowch,wcrowch44@last.fm,,64.207.205.20,France,$5.33,20
150,03/24/2021,Lizzie,Giuroni,lgiuroni45@mashable.com,Female,24.199.232.232,France,$3.04,20
151,03/27/2021,Brook,Fone,bfone46@wunderground.com,Male,206.167.198.22,France,$8.85,20
152,03/04/2021,Dahlia,Thorius,dthorius47@booking.com,Male,230.81.14.80,United States,$6.09,
153,03/23/2021,Easter,Currom,ecurrom48@drupal.org,Female,175.159.206.241,France,$5.72,20
154,03/06/2021,Dorene,Pasfield,dpasfield49@techcrunch.com,Female,232.197.166.144,Canada,$3.12,20
155,03/06/2021,Sauncho,Donald,sdonald4a@multiply.com,Female,113.22.208.72,Canada,$3.06,20
156,03/19/2021,Josh,Mazey,jmazey4b@loc.gov,Male,250.177.21.152,United States,$8.45,20
157,03/01/2021,Amerigo,Doggrell,adoggrell4c@apache.org,Female,57.45.195.151,France,$6.86,20
158,03/19/2021,Clare,Wloch,cwloch4d@bluehost.com,Male,213.119.0.23,Canada,$4.74,20
159,03/07/2021,Ethelin,Gors,egors4e@blogtalkradio.com,Female,49.70.235.121,Morocco,$7.98,20
160,03/16/2021,Kirsten,Beagles,kbeagles4f@cmu.edu,Male,143.25.38.212,France,$8.70,20
161,03/23/2021,Elke,Baroch,ebaroch4g@vk.com,Male,144.14.174.182,Canada,$4.57,20
162,03/10/2021,Magdalen,Karpman,mkarpman4h@flavors.me,Male,44.118.171.204,Canada,$4.38,20
163,03/24/2021,Salim,Worgen,sworgen4i@g.co,,202.206.95.130,United States,$9.47,20
164,03/07/2021,Gage,Dumingo,gdumingo4j@google.ca,Female,58.176.81.131,France,$6.80,
165,03/17/2021,Zonda,Qualtro,zqualtro4k@mozilla.com,,42.27.136.102,Canada,$6.53,
166,03/30/2021,Tadd,Drakeley,tdrakeley4l@intel.com,Female,139.154.178.130,France,$7.27,20
167,03/03/2021,Gabey,Cadalleder,gcadalleder4m@issuu.com,Male,140.151.170.185,United States,$7.75,20
168,03/17/2021,Patrick,Akers,pakers4n@clickbank.net,Male,64.160.202.149,,$3.95,20
169,03/01/2021,Willis,Sandercroft,wsandercroft4o@loc.gov,Female,63.189.92.203,Morocco,$10.00,20
170,03/28/2021,Clayborne,Meadway,cmeadway4p@sina.com.cn,Female,145.145.149.108,Canada,$6.96,20
171,03/01/2021,Ad,Jirzik,ajirzik4q@cam.ac.uk,Female,132.177.159.161,United States,$6.58,20
172,03/12/2021,Shelia,Fagge,sfagge4r@fda.gov,Female,216.25.95.118,Canada,$6.94,20
173,03/09/2021,Terencio,Stoop,tstoop4s@about.com,Male,111.0.117.43,France,$7.65,20
174,03/27/2021,Issiah,Phipp,iphipp4t@godaddy.com,Female,190.67.227.150,United States,$5.56,20
175,03/18/2021,Florencia,Hindmoor,fhindmoor4u@g.co,Female,64.9.84.158,United States,$6.31,
176,03/28/2021,Meredeth,Blaymires,mblaymires4v@webnode.com,Female,209.250.147.31,Canada,$5.49,20
177,03/06/2021,Norean,Dundridge,ndundridge4w@macromedia.com,Female,17.230.232.131,Canada,$6.71,
178,03/10/2021,Salvidor,Hardisty,shardisty4x@omniture.com,Female,86.206.142.36,United States,$6.93,20
179,03/08/2021,Jaynell,Reeday,jreeday4y@google.cn,Male,207.97.196.141,Canada,$4.92,
180,03/08/2021,Faythe,Cottey,fcottey4z@goo.gl,Female,80.9.225.244,France,$9.02,20
181,03/25/2021,Laurice,Furness,lfurness50@virginia.edu,,163.142.8.106,,$5.91,20
182,03/19/2021,Blondie,Tarney,btarney51@vk.com,Female,61.101.137.54,United States,$9.27,
183,03/08/2021,Serena,Lorain,slorain52@tamu.edu,Male,191.237.194.150,Canada,$4.97,
184,03/10/2021,Gordie,Rillatt,grillatt53@free.fr,Male,155.106.133.255,United States,$7.02,20
185,03/06/2021,Renate,Antonioni,rantonioni54@engadget.com,Male,232.251.143.94,France,$3.10,20
186,03/23/2021,Salim,Babbs,sbabbs55@senate.gov,Female,252.18.110.166,France,$7.05,20
187,03/12/2021,Veda,Arkwright,varkwright56@alexa.com,Female,146.212.223.20,,$4.25,20
188,03/28/2021,Fielding,Billinge,fbillinge57@earthlink.net,Female,194.136.68.218,France,$6.16,20
189,03/22/2021,Rutger,Swett,rswett58@e-recht24.de,Male,15.128.220.149,Canada,$5.88,20
190,03/24/2021,Marion,Camm,mcamm59@unblog.fr,Female,199.9.219.234,Canada,$4.47,20
191,03/06/2021,Daven,Muir,dmuir5a@ifeng.com,Female,96.66.239.211,United States,$6.73,
192,03/24/2021,Ninnette,McGruar,nmcgruar5b@ihg.com,Male,170.97.155.166,Morocco,$9.60,20
193,03/06/2021,Aurie,Farnell,afarnell5c@yale.edu,Male,146.151.209.167,United States,$9.32,
194,03/17/2021,Shadow,Joselevitch,sjoselevitch5d@latimes.com,Male,190.241.84.177,Canada,$7.41,
195,03/04/2021,Nike,Eronie,neronie5e@networkadvertising.org,Female,155.57.111.242,France,$9.71,
196,03/22/2021,Frederica,Stuchburie,fstuchburie5f@ocn.ne.jp,Female,46.120.92.17,Morocco,$9.51,
197,03/20/2021,Roosevelt,Lavarack,rlavarack5g@godaddy.com,Female,55.211.245.166,Canada,$9.99,20
198,03/20/2021,Briano,Stapels,bstapels5h@archive.org,Male,0.139.242.150,United States,$7.41,20
199,03/13/2021,Janessa,Coleridge,jcoleridge5i@mapy.cz,Male,120.203.176.191,France,$8.88,20
200,03/04/2021,Melisse,Week,mweek5j@squidoo.com,Male,87.230.179.79,France,$5.55,20
201,03/04/2021,Roslyn,Else,relse5k@ifeng.com,Female,152.206.247.253,United States,$5.47,20
202,03/03/2021,Stearne,Antoniewski,santoniewski5l@bandcamp.com,Male,85.158.140.118,France,$4.20,20
203,03/10/2021,Ewen,Grasner,egrasner5m@weather.com,Female,78.101.188.72,United States,$9.38,20
204,03/01/2021,Leroi,Tregunnah,ltregunnah5n@va.gov,Female,202.188.196.100,France,$7.44,20
205,03/18/2021,Alric,Atkyns,aatkyns5o@umn.edu,Female,148.119.76.92,France,$4.97,20
206,03/29/2021,Kendal,Huleatt,khuleatt5p@shutterfly.com,Female,232.135.221.184,Morocco,$5.82,20
207,03/22/2021,Alastair,Ackland,aackland5q@wiley.com,Male,51.26.82.199,United States,$7.03,20
208,03/12/2021,Kathlin,Murty,kmurty5r@yandex.ru,Female,27.3.99.3,United States,$5.55,
209,03/24/2021,Anatol,Haws,ahaws5s@who.int,Male,71.248.244.245,France,$9.10,20
210,03/27/2021,Ruddy,Molineux,rmolineux5t@dyndns.org,Male,97.175.171.237,France,$6.24,20
211,03/03/2021,Merrielle,Jarret,mjarret5u@epa.gov,Male,198.67.236.57,,$4.43,
212,03/25/2021,Manny,Golley,mgolley5v@google.ru,Male,77.133.247.75,France,$3.21,20
213,03/27/2021,Isak,Loweth,iloweth5w@ucoz.ru,Female,231.166.87.248,United States,$8.82,
214,03/16/2021,Annadiane,Teulier,ateulier5x@ftc.gov,Female,74.116.211.147,United States,$8.77,20
215,03/12/2021,Chloette,Giorgielli,cgiorgielli5y@bizjournals.com,Female,203.40.176.201,France,$5.68,
216,03/27/2021,Peyter,Rustedge,prustedge5z@51.la,,53.119.97.24,Canada,$6.14,20
217,03/26/2021,Aurie,Lemmens,alemmens60@washington.edu,Male,123.153.23.162,France,$6.71,
218,03/27/2021,Gretchen,Dougherty,gdougherty61@cocolog-nifty.com,,27.125.234.94,United States,$7.32,
219,03/26/2021,Jarred,Gozney,jgozney62@indiatimes.com,Female,248.235.84.198,Canada,$8.68,20
220,03/04/2021,Sula,Corrigan,scorrigan63@un.org,Male,136.236.146.124,France,$8.62,20
221,03/12/2021,Leshia,Kuschek,lkuschek64@microsoft.com,Female,48.184.5.147,,$5.75,20
222,03/21/2021,Roslyn,Peck,rpeck65@yellowbook.com,Male,64.252.196.97,United States,$3.96,20
223,03/26/2021,Lockwood,Sweedy,lsweedy66@twitter.com,Male,172.155.112.200,Canada,$8.21,20
224,03/27/2021,Alys,Lovemore,alovemore67@ucoz.ru,Female,170.14.53.223,United States,$3.52,
225,03/27/2021,Josey,Kitchin,jkitchin68@walmart.com,,16.81.54.7,United States,$4.39,20
226,03/10/2021,Birk,Pontain,bpontain69@home.pl,Female,160.137.52.227,Canada,$8.22,20
227,03/03/2021,Leonore,Blackney,lblackney6a@wikimedia.org,Female,17.225.227.162,United States,$5.91,20
228,03/19/2021,Waldemar,Sweetsur,wsweetsur6b@so-net.ne.jp,Male,10.235.181.240,France,$9.45,20
229,03/15/2021,Vivian,Jaggi,vjaggi6c@wired.com,Female,178.17.139.228,France,$7.82,20
230,03/18/2021,Francis,Longdon,flongdon6d@flavors.me,Male,144.242.26.99,United States,$3.05,20
231,03/17/2021,Fairleigh,Gouny,fgouny6e@jimdo.com,Female,52.75.9.48,United States,$6.93,
232,03/24/2021,Gibb,Barrable,gbarrable6f@angelfire.com,Female,229.251.140.205,Canada,$4.61,
233,03/12/2021,Regan,Phayre,rphayre6g@ucoz.com,Female,10.224.214.100,Canada,$6.76,
234,03/28/2021,Carroll,Anetts,canetts6h@senate.gov,Female,74.231.63.55,United States,$3.05,20
235,03/12/2021,Nancie,Birch,nbirch6i@comsenz.com,Female,151.193.27.116,Canada,$6.77,
236,03/27/2021,Moselle,Dugue,mdugue6j@devhub.com,Female,166.99.98.8,France,$7.83,20
237,03/27/2021,Lock,Dayes,ldayes6k@ustream.tv,Female,103.232.112.219,,$6.39,20
238,03/05/2021,Nonie,Barwis,nbarwis6l@opera.com,Male,206.238.91.79,Canada,$3.03,20
239,03/07/2021,Chico,Keywood,ckeywood6m@taobao.com,Female,182.196.42.66,United States,$7.88,20
240,03/01/2021,Rutherford,Ready,rready6n@yolasite.com,Female,123.178.242.229,Canada,$4.48,20
241,03/07/2021,Sheridan,Blay,sblay6o@indiegogo.com,Male,38.217.24.140,United States,$6.93,
242,03/15/2021,Lee,Dillestone,ldillestone6p@homestead.com,Male,30.181.158.168,,$4.40,20
243,03/10/2021,Sidney,Broose,sbroose6q@jigsy.com,,90.193.36.124,France,$9.79,
244,03/15/2021,Adolph,Higgen,ahiggen6r@squidoo.com,Male,169.146.53.228,France,$8.37,20
245,03/28/2021,Clayson,Wooderson,cwooderson6s@webeden.co.uk,Female,94.34.195.18,United States,$5.49,20
246,03/13/2021,Mora,Ickeringill,mickeringill6t@bluehost.com,Male,200.95.89.119,France,$9.37,
247,03/02/2021,Corena,Saunper,csaunper6u@desdev.cn,Male,252.226.219.101,France,$9.52,20
248,03/25/2021,Courtnay,Rummin,crummin6v@weibo.com,Male,95.155.217.107,United States,$6.21,
249,03/19/2021,Bradan,Loughlin,bloughlin6w@sohu.com,Female,5.242.108.24,France,$9.16,20
250,03/24/2021,Kelci,Esselin,kesselin6x@sbwire.com,Female,56.107.86.77,,$8.96,20
251,03/10/2021,Tommy,Baitman,tbaitman6y@nytimes.com,Female,126.176.195.9,France,$3.34,20
252,03/20/2021,Filberte,Romanski,fromanski6z@desdev.cn,Male,49.43.94.234,France,$8.24,
253,03/05/2021,Trenna,Jaskiewicz,tjaskiewicz70@ustream.tv,Male,92.192.234.121,Canada,$3.23,20
254,03/29/2021,Pasquale,Aust,paust71@prweb.com,Female,79.238.54.232,United States,$9.30,20
255,03/19/2021,Locke,Whyard,lwhyard72@dailymail.co.uk,Male,184.159.248.186,France,$7.62,
256,03/14/2021,Chrysler,Pickring,cpickring73@google.it,Female,112.42.57.237,United States,$8.74,
257,03/22/2021,Annora,Orr,aorr74@indiegogo.com,Male,153.110.8.63,Canada,$8.63,
258,03/11/2021,Dyna,Saberton,dsaberton75@cnbc.com,Male,191.190.91.170,Canada,$5.97,20
259,03/03/2021,Dasi,Babbage,dbabbage76@cnet.com,Female,179.11.213.130,,$9.52,
260,03/18/2021,Eryn,Wybrow,ewybrow77@army.mil,Female,253.21.45.186,Canada,$9.71,
261,03/12/2021,Rudie,Belin,rbelin78@yellowpages.com,Male,58.78.218.25,France,$3.78,20
262,03/07/2021,Glennis,Bossel,gbossel79@webmd.com,Male,255.224.32.3,Canada,$6.06,20
263,03/11/2021,Carlos,Beatson,cbeatson7a@howstuffworks.com,Female,118.185.72.63,Canada,$3.03,20
264,03/12/2021,Ervin,Yeliashev,eyeliashev7b@freewebs.com,Male,110.194.38.145,France,$8.15,
265,03/21/2021,Brock,Spridgeon,bspridgeon7c@buzzfeed.com,Male,0.229.159.212,,$7.91,20
266,03/22/2021,Montague,South,msouth7d@google.it,Female,0.10.247.131,France,$3.87,
267,03/20/2021,Malinde,Croose,mcroose7e@flickr.com,Female,231.105.40.170,United States,$8.65,20
268,03/23/2021,Dix,Brandi,dbrandi7f@behance.net,Female,59.229.164.229,France,$9.33,
269,03/13/2021,Alasdair,Duckworth,aduckworth7g@indiatimes.com,Female,244.204.9.140,,$4.66,20
270,03/02/2021,Zach,Wannell,zwannell7h@ox.ac.uk,Male,15.4.84.213,United States,$9.02,20
271,03/13/2021,Daffi,Organ,dorgan7i@ox.ac.uk,Female,74.126.219.248,France,$3.37,
272,03/19/2021,Titos,Copelli,tcopelli7j@pagesperso-orange.fr,Female,134.5.236.242,,$8.02,
273,03/28/2021,Rich,Dicken,rdicken7k@eepurl.com,Male,158.152.19.82,France,$7.05,
274,03/11/2021,Blakeley,Adams,badams7l@people.com.cn,Female,228.198.101.149,France,$3.73,
275,03/23/2021,Darlleen,Rioch,drioch7m@biglobe.ne.jp,Female,188.45.196.59,France,$8.61,20
276,03/06/2021,Ibbie,Rawlinson,irawlinson7n@sun.com,Female,113.146.251.233,France,$3.17,
277,03/06/2021,Cesar,Musgrove,cmusgrove7o@cyberchimps.com,Male,112.128.75.160,France,$6.73,20
278,03/19/2021,Gerick,Truckell,gtruckell7p@jiathis.com,Female,149.115.45.112,United States,$9.83,
279,03/16/2021,Emmeline,Cowhig,ecowhig7q@bbb.org,Female,91.142.147.205,United States,$4.44,
280,03/12/2021,Conway,Winters,cwinters7r@dropbox.com,Female,61.233.170.139,France,$3.29,
281,03/03/2021,Frederik,Corbin,fcorbin7s@163.com,Female,82.187.20.35,France,$6.11,20
282,03/07/2021,Kippar,Ridsdole,kridsdole7t@photobucket.com,Male,77.169.112.27,United States,$4.93,20
283,03/15/2021,Lezley,Muat,lmuat7u@icq.com,Male,184.157.84.172,United States,$4.54,
284,03/23/2021,Ingemar,Kropp,ikropp7v@prlog.org,,206.127.209.1,,$6.05,
285,03/16/2021,Clarance,Fagan,cfagan7w@livejournal.com,Male,111.127.51.94,United States,$5.63,
286,03/15/2021,Reeta,Matevushev,rmatevushev7x@engadget.com,Female,124.207.215.202,France,$5.87,
287,03/15/2021,Alvie,Thaw,athaw7y@issuu.com,Male,29.41.160.23,Canada,$3.23,20
288,03/18/2021,Werner,Halloway,whalloway7z@adobe.com,Male,37.139.92.219,United States,$9.98,
289,03/27/2021,Homer,Testin,htestin80@gov.uk,Male,126.20.220.131,,$5.84,
290,03/15/2021,Wandis,MacCoughen,wmaccoughen81@so-net.ne.jp,Male,85.203.29.182,Morocco,$9.13,20
291,03/15/2021,Inglebert,Terram,iterram82@hatena.ne.jp,Female,125.187.76.71,United States,$8.19,
292,03/01/2021,Devin,Bugby,dbugby83@sina.com.cn,Female,223.43.70.196,United States,$3.81,20
293,03/18/2021,Cortie,Kadd,ckadd84@wikimedia.org,,61.239.82.39,France,$5.86,
294,03/09/2021,Oswald,Callar,ocallar85@list-manage.com,Male,216.14.73.38,Canada,$8.84,
295,03/20/2021,Jeff,Kelledy,jkelledy86@flavors.me,Female,139.146.43.65,France,$3.33,20
296,03/16/2021,Woodman,Vequaud,wvequaud87@bloglines.com,Male,123.182.113.122,France,$4.74,20
297,03/01/2021,Dorolice,Pointing,dpointing88@vkontakte.ru,Female,183.229.182.84,France,$8.89,20
298,03/23/2021,Haley,Shann,hshann89@youku.com,Male,28.156.236.176,France,$8.34,
299,03/04/2021,Staci,Sandle,ssandle8a@mac.com,Male,26.89.212.89,Canada,$6.47,
300,03/18/2021,Ramsey,Gogie,rgogie8b@disqus.com,Male,142.228.218.58,France,$8.66,
301,03/05/2021,Read,Shuttleworth,rshuttleworth8c@wix.com,Male,48.170.101.82,United States,$9.57,20
302,03/22/2021,Ollie,Suermeier,osuermeier8d@istockphoto.com,Female,163.77.66.47,Morocco,$9.98,
303,03/20/2021,Audi,Davies,adavies8e@linkedin.com,Male,182.126.74.139,Canada,$3.48,20
304,03/28/2021,Mickie,Heinlein,mheinlein8f@sciencedaily.com,Female,109.218.68.159,Canada,$7.71,20
305,03/11/2021,Rodrick,Gierek,rgierek8g@kickstarter.com,Male,24.127.196.24,Morocco,$8.27,
306,03/13/2021,Ashil,Castan,acastan8h@1688.com,Female,6.86.223.131,United States,$3.63,20
307,03/02/2021,Berget,Lawee,blawee8i@wired.com,Female,28.3.40.173,France,$4.40,20
308,03/18/2021,Brynn,Henken,bhenken8j@plala.or.jp,Male,175.182.110.151,France,$8.28,20
309,03/14/2021,Guenevere,Mullinder,gmullinder8k@photobucket.com,Female,38.217.29.99,France,$3.63,20
310,03/14/2021,Garfield,Swanne,gswanne8l@yale.edu,Female,25.61.130.19,United States,$7.04,
311,03/03/2021,Hailey,Gludor,hgludor8m@storify.com,Male,57.119.158.39,France,$3.84,
312,03/29/2021,Archaimbaud,Sweetland,asweetland8n@state.gov,Female,229.150.208.17,United States,$5.21,20
313,03/08/2021,Jess,Manklow,jmanklow8o@eepurl.com,Female,254.46.78.100,Canada,$8.33,20
314,03/24/2021,Noel,Havercroft,nhavercroft8p@europa.eu,Male,38.184.214.25,United States,$7.71,
315,03/03/2021,Shir,Quince,squince8q@issuu.com,Female,141.99.193.229,France,$9.12,20
316,03/20/2021,Saw,Brookesbie,sbrookesbie8r@edublogs.org,Male,57.2.187.97,United States,$3.09,
317,03/28/2021,Duncan,Dymocke,ddymocke8s@archive.org,Female,131.184.17.89,Morocco,$5.83,20
318,03/22/2021,Tana,Volker,tvolker8t@stanford.edu,Female,62.30.174.227,Canada,$9.19,
319,03/30/2021,Carter,Beavors,cbeavors8u@plala.or.jp,Male,135.119.57.214,France,$8.61,
320,03/01/2021,Gerhard,Briddock,gbriddock8v@bing.com,Male,10.212.45.34,United States,$8.25,
321,03/07/2021,Jereme,Carncross,jcarncross8w@com.com,Female,11.81.130.193,United States,$9.92,
322,03/29/2021,Shana,Leak,sleak8x@wunderground.com,Male,253.39.90.246,France,$3.79,20
323,03/14/2021,Irena,Fudge,ifudge8y@mapquest.com,Male,137.221.204.113,France,$8.31,20
324,03/23/2021,Gaile,Shrawley,gshrawley8z@ifeng.com,Female,48.79.108.60,France,$9.43,20
325,03/06/2021,Erinn,Naire,enaire90@timesonline.co.uk,Male,56.254.248.107,France,$7.72,20
326,03/04/2021,Giff,Ciccarello,gciccarello91@studiopress.com,Female,79.184.195.15,France,$3.44,
327,03/25/2021,Hammad,Mulrean,hmulrean92@wordpress.org,Female,49.182.21.157,,$4.18,20
328,03/05/2021,Cherice,Curtois,ccurtois93@toplist.cz,Female,89.241.218.35,Canada,$4.57,
329,03/28/2021,Timmie,Hubbert,thubbert94@nyu.edu,Female,101.150.227.100,France,$7.12,
330,03/04/2021,Dehlia,Ellson,dellson95@joomla.org,Female,115.104.19.165,United States,$5.92,
331,03/30/2021,Randi,Willans,rwillans96@nydailynews.com,Female,55.121.152.252,United States,$5.00,20
332,03/28/2021,Sibyl,Crystal,scrystal97@yandex.ru,Male,75.198.52.35,,$9.93,20
333,03/14/2021,Sharline,Du Fray,sdufray98@qq.com,Female,147.38.51.102,France,$7.13,
334,03/16/2021,Artus,Gommery,agommery99@cdc.gov,Female,35.165.131.24,United States,$7.78,20
335,03/07/2021,Lion,Chilver,lchilver9a@baidu.com,Female,125.244.142.139,United States,$4.84,20
336,03/16/2021,Read,Le Noire,rlenoire9b@marriott.com,Male,171.139.187.143,France,$7.30,20
337,03/02/2021,Gloria,Lindenbaum,glindenbaum9c@abc.net.au,Female,59.228.113.102,France,$7.89,20
338,03/14/2021,Carolyne,Eschalette,ceschalette9d@wordpress.com,Male,137.166.201.65,Morocco,$9.04,20
339,03/14/2021,Burr,Custance,bcustance9e@disqus.com,Male,40.86.97.213,Canada,$4.03,20
340,03/15/2021,Melvyn,Cruddace,mcruddace9f@gizmodo.com,Male,1.43.30.236,France,$6.80,20
341,03/03/2021,Peyton,Parslow,pparslow9g@cpanel.net,Female,148.18.201.148,France,$4.98,
342,03/07/2021,Raimund,Mineghelli,rmineghelli9h@spiegel.de,Female,177.84.196.48,France,$6.70,
343,03/25/2021,Stan,Pury,spury9i@comsenz.com,Male,33.147.127.13,France,$4.34,20
344,03/21/2021,Lefty,Woehler,lwoehler9j@e-recht24.de,Female,57.224.145.167,France,$9.47,
345,03/24/2021,Laurens,Exposito,lexposito9k@whitehouse.gov,Male,33.235.94.107,France,$6.32,
346,03/03/2021,Lura,Rosenkranc,lrosenkranc9l@google.cn,Male,46.30.149.96,Canada,$5.06,20
347,03/14/2021,Shelby,Kenford,skenford9m@bizjournals.com,Male,87.137.127.253,United States,$9.31,20
348,03/06/2021,Garreth,Philpotts,gphilpotts9n@bizjournals.com,Male,118.18.73.200,France,$4.30,20
349,03/20/2021,Kari,Earlam,kearlam9o@goo.ne.jp,Male,134.177.219.252,Canada,$3.56,20
350,03/20/2021,Elsi,Pieper,epieper9p@jiathis.com,Male,158.232.177.99,Morocco,$4.23,
351,03/07/2021,Erminia,Roberds,eroberds9q@barnesandnoble.com,Male,19.168.1.166,United States,$7.83,20
352,03/19/2021,Clyde,Lorroway,clorroway9r@zdnet.com,Female,176.122.60.85,United States,$8.41,20
353,03/15/2021,Vivianna,Duckit,vduckit9s@etsy.com,Female,153.80.221.175,France,$6.49,
354,03/07/2021,Corbett,Trodden,ctrodden9t@nsw.gov.au,Female,209.10.122.85,Canada,$7.18,20
355,03/28/2021,Raimundo,Kores,rkores9u@behance.net,Male,167.233.208.153,United States,$6.75,
356,03/22/2021,Antoinette,Irvin,airvin9v@meetup.com,Female,167.214.86.100,Canada,$4.72,
357,03/19/2021,Georgette,Colicot,gcolicot9w@unblog.fr,Female,10.164.198.102,France,$3.68,20
358,03/12/2021,Barnabas,Shortan,bshortan9x@theglobeandmail.com,Male,44.175.149.170,France,$3.60,20
359,03/01/2021,Etan,Muller,emuller9y@army.mil,Male,199.201.224.137,,$9.85,
360,03/21/2021,Lillis,O'Neary,loneary9z@dmoz.org,Female,27.8.246.138,United States,$7.19,20
361,03/12/2021,Base,Gianuzzi,bgianuzzia0@barnesandnoble.com,,155.190.251.196,France,$9.88,
362,03/25/2021,Rosene,Fielder,rfieldera1@netvibes.com,Male,93.172.148.185,Canada,$6.46,20
363,03/22/2021,Mureil,Bartke,mbartkea2@simplemachines.org,Female,136.214.48.211,Morocco,$7.93,20
364,03/02/2021,Carolee,Abelson,cabelsona3@csmonitor.com,Female,120.214.142.242,United States,$3.53,20
365,03/16/2021,Reamonn,Whitmarsh,rwhitmarsha4@vk.com,Male,164.132.16.67,United States,$9.23,
366,03/05/2021,Sal,Jon,sjona5@vimeo.com,Male,86.168.207.114,United States,$7.79,
367,03/06/2021,Meris,Duce,mducea6@nhs.uk,Female,32.121.218.47,United States,$3.23,
368,03/03/2021,Obidiah,Colbourn,ocolbourna7@purevolume.com,Male,59.57.220.105,France,$3.73,20
369,03/12/2021,Olympia,Whitton,owhittona8@theguardian.com,Male,241.73.47.134,Canada,$8.75,20
370,03/18/2021,Yard,Goaks,ygoaksa9@sun.com,Male,241.7.130.189,United States,$4.16,20
371,03/15/2021,Ambros,Chittem,achittemaa@dion.ne.jp,Female,255.201.16.177,France,$5.54,20
372,03/13/2021,Reese,Gianasi,rgianasiab@github.com,,147.113.249.67,France,$4.56,20
373,03/30/2021,Hewitt,Barense,hbarenseac@chron.com,Female,45.147.77.27,United States,$5.35,
374,03/08/2021,Julieta,Ricks,jricksad@webeden.co.uk,Female,246.203.220.164,United States,$4.91,20
375,03/19/2021,Cord,MacAscaidh,cmacascaidhae@wp.com,Male,200.247.18.5,France,$9.50,20
376,03/14/2021,Abagael,Lafflina,alafflinaaf@prlog.org,Female,60.155.75.228,Morocco,$6.50,20
377,03/23/2021,Keslie,Nunan,knunanag@google.co.uk,Female,189.104.20.186,,$4.53,20
378,03/21/2021,Hildagarde,Dews,hdewsah@ehow.com,Female,127.181.27.115,United States,$6.84,20
379,03/19/2021,Kennie,Taffee,ktaffeeai@ucoz.ru,Male,47.178.75.6,France,$4.98,20
380,03/21/2021,Sheelagh,Gilmore,sgilmoreaj@bing.com,Female,101.59.14.157,Morocco,$8.17,20
381,03/24/2021,Ephrayim,Wassung,ewassungak@unesco.org,Male,163.83.130.233,United States,$9.83,20
382,03/03/2021,Mary,Brigdale,mbrigdaleal@yellowbook.com,Female,137.185.148.229,France,$4.42,
383,03/26/2021,Verene,Ingham,vinghamam@trellian.com,Female,108.141.237.51,France,$5.49,
384,03/22/2021,Rosanna,Donativo,rdonativoan@hugedomains.com,Male,4.237.115.10,Canada,$3.95,
385,03/23/2021,Raviv,Deniske,rdeniskeao@nps.gov,Female,238.47.42.6,United States,$3.27,20
386,03/14/2021,Kellina,Penning,kpenningap@mac.com,Male,211.58.194.118,United States,$4.69,20
387,03/12/2021,Jayme,Giottini,jgiottiniaq@cbc.ca,Female,91.206.101.226,Morocco,$3.34,20
388,03/01/2021,Luciana,Robjohns,lrobjohnsar@vimeo.com,Male,229.216.128.161,United States,$5.27,20
389,03/29/2021,Maury,Warters,mwartersas@ifeng.com,Male,111.163.44.62,France,$7.72,
390,03/19/2021,Kinna,Bartolomieu,kbartolomieuat@un.org,Female,17.208.90.43,France,$4.30,20
391,03/10/2021,Gawain,Siebert,gsiebertau@house.gov,Female,30.12.200.141,United States,$5.62,20
392,03/29/2021,Bab,Bartul,bbartulav@g.co,,201.32.109.71,France,$8.24,
393,03/17/2021,Orrin,Boller,obolleraw@hhs.gov,Male,223.13.255.103,France,$3.18,20
394,03/17/2021,Randolph,Brown,rbrownax@huffingtonpost.com,,211.247.120.77,,$4.20,20
395,03/27/2021,Pietrek,Najara,pnajaraay@squidoo.com,Male,95.62.28.200,France,$3.66,20
396,03/09/2021,Rutter,Mityukov,rmityukovaz@cnn.com,Female,31.40.178.98,United States,$9.40,
397,03/20/2021,Marshall,Kuhn,mkuhnb0@ft.com,Female,218.65.196.247,United States,$5.66,
398,03/14/2021,Bondon,Rizzillo,brizzillob1@fotki.com,Male,242.216.124.99,United States,$9.47,20
399,03/26/2021,Giulietta,Hun,ghunb2@tiny.cc,Female,82.47.217.54,Morocco,$9.96,20
400,03/10/2021,Wilbert,Cossor,wcossorb3@freewebs.com,Female,31.226.152.254,France,$4.76,20
401,03/13/2021,Marcile,Trahearn,mtrahearnb4@umich.edu,Male,9.3.232.71,France,$6.75,
402,03/10/2021,Niko,Mityukov,nmityukovb5@auda.org.au,Female,9.142.105.165,United States,$6.34,20
403,03/16/2021,Ty,Lehrian,tlehrianb6@flickr.com,Female,229.129.176.203,France,$8.64,
404,03/13/2021,Riki,Mallows,rmallowsb7@scribd.com,Female,204.104.191.155,France,$5.65,20
405,03/30/2021,Keefer,Toovey,ktooveyb8@unesco.org,Female,207.103.4.0,France,$5.08,20
406,03/08/2021,Oralle,MacAvddy,omacavddyb9@360.cn,Female,136.70.128.91,United States,$8.88,20
407,03/26/2021,Collen,Goad,cgoadba@usa.gov,Male,29.246.105.39,France,$9.31,
408,03/28/2021,Lanie,Slidders,lsliddersbb@aol.com,Male,11.219.12.121,Morocco,$4.42,
409,03/20/2021,Larry,Amberger,lambergerbc@about.com,Male,80.46.144.169,France,$5.50,20
410,03/19/2021,Romain,Gutowska,rgutowskabd@intel.com,Male,246.69.29.30,Canada,$6.60,20
411,03/25/2021,Sawyere,Brelsford,sbrelsfordbe@ucoz.com,Male,55.6.54.34,France,$5.45,
412,03/05/2021,Kendal,Golling,kgollingbf@ustream.tv,Female,159.33.250.245,France,$3.18,20
413,03/01/2021,Flor,Fischer,ffischerbg@php.net,Male,9.65.3.233,France,$8.95,20
414,03/30/2021,Silvano,Tinner,stinnerbh@delicious.com,Male,97.225.165.142,Canada,$7.04,
415,03/23/2021,Hollyanne,Feehan,hfeehanbi@hubpages.com,Male,34.88.71.56,France,$3.08,20
416,03/02/2021,Amitie,Aubry,aaubrybj@msu.edu,,231.195.15.100,France,$4.57,
417,03/19/2021,Garrik,Matousek,gmatousekbk@buzzfeed.com,Male,142.74.47.178,Canada,$9.97,
418,03/30/2021,Abigail,Taverner,atavernerbl@google.com.au,Female,160.152.222.226,France,$3.23,20
419,03/18/2021,Norrie,Gandrich,ngandrichbm@sciencedirect.com,Female,175.150.92.186,France,$10.00,
420,03/16/2021,Amabelle,Haken,ahakenbn@furl.net,Female,177.80.168.63,United States,$7.38,
421,03/12/2021,Hilda,Holdall,hholdallbo@odnoklassniki.ru,Female,155.172.98.79,France,$6.98,20
422,03/13/2021,Rori,Raulstone,rraulstonebp@china.com.cn,Female,164.52.155.46,France,$6.37,
423,03/05/2021,Merrill,Povall,mpovallbq@cbc.ca,Male,251.128.228.177,France,$3.72,20
424,03/01/2021,Ainsley,Tschierasche,atschieraschebr@sogou.com,Male,103.155.9.101,United States,$4.31,20
425,03/23/2021,Bond,Mowson,bmowsonbs@wired.com,,119.231.59.94,France,$8.16,20
426,03/14/2021,Reena,Matous,rmatousbt@blogspot.com,Female,63.23.18.229,France,$4.86,20
427,03/02/2021,Latrina,Tacey,ltaceybu@addtoany.com,Female,236.210.153.139,United States,$5.16,20
428,03/18/2021,Trisha,Humphrys,thumphrysbv@merriam-webster.com,Male,86.119.151.164,Canada,$7.90,20
429,03/18/2021,Fenelia,Squeers,fsqueersbw@columbia.edu,Female,247.194.244.126,France,$9.20,
430,03/19/2021,Hannie,Sorsby,hsorsbybx@de.vu,Female,63.218.32.204,Canada,$8.01,20
431,03/19/2021,Sergent,Duffrie,sduffrieby@cnet.com,Female,30.16.157.159,Canada,$8.11,20
432,03/22/2021,Aurelie,Bunting,abuntingbz@purevolume.com,Female,93.191.244.173,Canada,$7.31,20
433,03/13/2021,Charley,Kretchmer,ckretchmerc0@virginia.edu,Male,208.44.3.83,Canada,$3.93,20
434,03/21/2021,Roxana,Betke,rbetkec1@com.com,Male,240.174.183.156,Canada,$9.32,
435,03/17/2021,Clara,Dawidowicz,cdawidowiczc2@smh.com.au,Male,179.186.255.233,United States,$7.66,20
436,03/29/2021,Maggee,Fishley,mfishleyc3@google.com.hk,Female,220.254.6.77,France,$9.19,20
437,03/21/2021,Cherey,Wildey,cwildeyc4@auda.org.au,Male,81.43.188.92,France,$5.62,20
438,03/13/2021,Maude,McRannell,mmcrannellc5@plala.or.jp,Male,217.15.133.96,United States,$8.46,20
439,03/17/2021,Lenora,Gouldbourn,lgouldbournc6@uol.com.br,Female,223.112.2.189,France,$3.14,20
440,03/03/2021,Turner,Paolicchi,tpaolicchic7@a8.net,Female,233.7.74.139,United States,$4.76,20
441,03/03/2021,Bartholemy,Pippard,bpippardc8@weather.com,Female,159.77.135.157,France,$5.71,
442,03/12/2021,Wilt,Yeend,wyeendc9@umn.edu,Male,28.101.60.9,Canada,$6.35,20
443,03/19/2021,Leonerd,Siddell,lsiddellca@wordpress.org,Female,76.20.131.124,France,$4.91,
444,03/14/2021,Clyde,Braundt,cbraundtcb@wsj.com,Male,31.77.5.241,,$3.20,20
445,03/04/2021,Iseabal,Landers,ilanderscc@cmu.edu,Male,40.14.22.70,France,$8.08,20
446,03/05/2021,Ag,Dwelly,adwellycd@ow.ly,Female,181.12.97.4,Morocco,$4.10,20
447,03/11/2021,Ailis,Hamber,ahamberce@sohu.com,,24.13.217.32,United States,$6.98,20
448,03/04/2021,Mateo,Gozzard,mgozzardcf@ow.ly,Female,15.103.202.129,France,$7.28,
449,03/02/2021,Charmain,Humbatch,chumbatchcg@epa.gov,Female,133.4.218.96,France,$4.24,
450,03/04/2021,Amabel,Ceyssen,aceyssench@seesaa.net,Female,173.209.215.236,France,$4.43,20
451,03/10/2021,Heath,Kleint,hkleintci@naver.com,Male,89.235.183.23,United States,$5.57,20
452,03/18/2021,Maritsa,Spratling,mspratlingcj@netlog.com,Male,96.17.174.67,Morocco,$3.49,
453,03/05/2021,Scottie,Schinetti,sschinettick@phoca.cz,Female,91.184.91.100,France,$6.77,20
454,03/25/2021,Emile,Kinnier,ekinniercl@chronoengine.com,Male,120.151.70.95,United States,$8.23,20
455,03/13/2021,Gretchen,Picken,gpickencm@squidoo.com,Male,105.120.186.193,France,$9.18,20
456,03/06/2021,Giff,Dudderidge,gdudderidgecn@ted.com,Female,118.98.220.22,United States,$7.22,20
457,03/26/2021,Gallagher,Pudsall,gpudsallco@yelp.com,Male,18.37.172.117,France,$3.79,20
458,03/14/2021,Ceciley,Gleed,cgleedcp@smugmug.com,Male,114.144.38.123,France,$8.75,20
459,03/12/2021,Bernardine,Caslin,bcaslincq@ycombinator.com,Male,125.180.184.76,,$4.54,20
460,03/05/2021,Willow,Bianco,wbiancocr@blogtalkradio.com,Male,118.184.51.8,France,$3.93,20
461,03/16/2021,Jobey,Bernon,jbernoncs@si.edu,Male,89.172.67.249,Canada,$9.06,20
462,03/20/2021,Mahala,Oxlee,moxleect@tinypic.com,Female,37.46.21.23,United States,$4.84,20
463,03/23/2021,Ephrem,Thorsen,ethorsencu@sciencedaily.com,Male,160.249.167.146,United States,$6.55,
464,03/13/2021,Melitta,Lattos,mlattoscv@reverbnation.com,Female,115.60.133.23,,$5.79,20
465,03/14/2021,Emeline,Nellies,enelliescw@friendfeed.com,Female,197.87.92.216,United States,$3.25,
466,03/02/2021,Caye,Muckle,cmucklecx@1und1.de,Female,77.215.150.28,France,$8.83,20
467,03/05/2021,Virgie,Face,vfacecy@ehow.com,Female,218.65.164.254,,$6.93,
468,03/16/2021,Kassia,Duker,kdukercz@bravesites.com,Female,252.17.132.199,United States,$7.99,20
469,03/28/2021,Judas,Iston,jistond0@xing.com,Female,245.33.225.29,United States,$4.03,20
470,03/28/2021,Cristy,Scholz,cscholzd1@php.net,Female,71.201.173.71,France,$8.18,20
471,03/28/2021,Pam,MacMichael,pmacmichaeld2@skyrock.com,Female,71.200.164.109,France,$5.15,20
472,03/06/2021,Ripley,Chittock,rchittockd3@prnewswire.com,Female,40.100.70.139,Canada,$4.25,20
473,03/22/2021,Alex,Southerell,asoutherelld4@1688.com,Female,168.241.204.248,United States,$9.40,
474,03/16/2021,Jonell,Rosenzveig,jrosenzveigd5@salon.com,Female,35.150.142.71,Canada,$6.23,20
475,03/20/2021,Amos,Olyonov,aolyonovd6@g.co,Male,206.205.208.86,Canada,$3.20,
476,03/21/2021,Irwinn,Martinson,imartinsond7@squarespace.com,Male,248.96.232.56,France,$9.36,
477,03/11/2021,Colleen,Skillett,cskillettd8@harvard.edu,Male,221.35.11.66,France,$8.75,20
478,03/02/2021,Tamas,Meredith,tmeredithd9@google.com.hk,Female,214.44.15.123,,$5.05,20
479,03/26/2021,Tamra,Haggleton,thaggletonda@aboutads.info,Female,178.173.97.14,United States,$3.57,20
480,03/19/2021,Rene,McDade,rmcdadedb@wikimedia.org,Male,244.5.12.92,United States,$9.21,20
481,03/04/2021,Evyn,Bunson,ebunsondc@technorati.com,,156.133.19.52,United States,$7.52,20
482,03/27/2021,Wyatt,Blant,wblantdd@ft.com,Male,137.193.150.71,United States,$3.28,
483,03/02/2021,Cortie,Horrell,chorrellde@netscape.com,Male,71.108.135.153,France,$7.72,20
484,03/04/2021,Armstrong,Perrin,aperrindf@theatlantic.com,Female,176.91.101.95,France,$8.54,20
485,03/08/2021,Gaile,Fawbert,gfawbertdg@yahoo.co.jp,Male,181.211.90.228,United States,$3.80,20
486,03/24/2021,Erich,Sinfield,esinfielddh@wiley.com,Male,166.95.153.128,France,$8.32,20
487,03/02/2021,Courtney,Morfield,cmorfielddi@last.fm,Male,192.94.74.247,United States,$5.80,20
488,03/05/2021,Padgett,Henzer,phenzerdj@gov.uk,Female,101.4.252.146,France,$3.56,
489,03/06/2021,Susana,Fuzzens,sfuzzensdk@usgs.gov,Female,24.166.222.4,Canada,$4.51,20
490,03/09/2021,Petronille,McRonald,pmcronalddl@stanford.edu,Male,21.240.172.104,United States,$7.04,20
491,03/09/2021,Mordy,Krzyzanowski,mkrzyzanowskidm@reverbnation.com,Male,235.152.207.38,France,$6.16,20
492,03/12/2021,Sibilla,Leake,sleakedn@simplemachines.org,Male,112.164.237.34,France,$9.75,
493,03/05/2021,Brittne,Dysert,bdysertdo@tuttocitta.it,Male,214.186.54.216,France,$7.14,20
494,03/01/2021,Jasun,Rooke,jrookedp@angelfire.com,Female,24.131.121.186,France,$7.19,20
495,03/08/2021,Taddeo,Halleday,thalledaydq@hud.gov,Male,250.98.17.142,France,$4.54,
496,03/16/2021,Sari,Mora,smoradr@github.io,Female,223.245.193.108,Canada,$8.40,
497,03/18/2021,Bessy,MacDonagh,bmacdonaghds@storify.com,Female,88.167.106.164,Canada,$7.08,
498,03/03/2021,Bordy,Borrowman,bborrowmandt@howstuffworks.com,Male,84.146.37.91,Canada,$7.19,
499,03/04/2021,Rebecka,Domnin,rdomnindu@wikipedia.org,Female,162.2.172.159,Canada,$9.36,20
500,03/21/2021,Orlando,Becaris,obecarisdv@chron.com,Male,148.172.146.11,Morocco,$6.31,
501,03/11/2021,Adore,Milham,amilhamdw@nba.com,Female,215.56.62.72,United States,$4.24,20
502,03/20/2021,Gardener,Bentzen,gbentzendx@army.mil,Female,125.204.23.141,United States,$8.49,20
503,03/14/2021,Susana,Anyene,sanyenedy@technorati.com,Female,183.211.253.218,France,$3.57,20
504,03/02/2021,Katina,Meacher,kmeacherdz@mapquest.com,Male,121.190.75.91,Canada,$3.60,20
505,03/02/2021,Jemmy,Culkin,jculkine0@latimes.com,Female,177.12.254.245,France,$3.02,
506,03/14/2021,Minne,Kiely,mkielye1@mlb.com,Female,185.206.74.147,United States,$6.27,20
507,03/20/2021,Boyce,Snelgar,bsnelgare2@goo.ne.jp,Male,46.31.137.28,Canada,$7.36,20
508,03/30/2021,Korie,Lening,kleninge3@businesswire.com,Male,236.189.208.21,France,$3.56,
509,03/07/2021,Che,McQuorkel,cmcquorkele4@businesswire.com,Male,29.16.49.185,France,$6.17,
510,03/26/2021,Cynthie,Mcasparan,cmcasparane5@nydailynews.com,Female,108.53.129.61,United States,$3.88,20
511,03/30/2021,Clementina,Adcocks,cadcockse6@cyberchimps.com,Male,113.17.194.52,France,$8.18,20
512,03/04/2021,Opalina,Tomeo,otomeoe7@vinaora.com,Female,168.86.112.118,United States,$7.30,20
513,03/22/2021,Emmery,Rubke,erubkee8@ask.com,Female,72.10.114.177,France,$4.01,
514,03/28/2021,Greta,Maultby,gmaultbye9@bloglines.com,Male,3.200.34.254,United States,$5.68,20
515,03/02/2021,Grethel,Lohan,glohanea@tripod.com,Male,18.21.121.186,France,$6.27,20
516,03/24/2021,Eustacia,Dingate,edingateeb@nationalgeographic.com,Male,12.250.127.193,Canada,$5.84,20
517,03/21/2021,Madella,Lamminam,mlamminamec@histats.com,Male,101.183.17.106,United States,$6.91,
518,03/13/2021,Gill,MacDermott,gmacdermotted@seesaa.net,Male,7.245.44.63,United States,$8.38,20
519,03/09/2021,Rex,Enright,renrightee@cpanel.net,Male,57.201.69.71,France,$4.78,
520,03/26/2021,Del,Braine,dbraineef@aboutads.info,Male,43.34.88.179,France,$5.21,20
521,03/28/2021,Gert,Redmond,gredmondeg@tripadvisor.com,,1.140.37.110,United States,$8.94,20
522,03/05/2021,Archy,Tinman,atinmaneh@nasa.gov,Female,6.83.32.182,France,$8.35,20
523,03/20/2021,Wilek,Lernihan,wlernihanei@unesco.org,Female,233.153.246.179,United States,$6.73,20
524,03/16/2021,Arnie,Davy,adavyej@hexun.com,Female,55.175.174.78,Canada,$7.96,20
525,03/10/2021,Leon,Brandreth,lbrandrethek@mediafire.com,Female,115.217.89.111,United States,$7.85,20
526,03/21/2021,Philipa,Dumbreck,pdumbreckel@cpanel.net,Female,235.133.136.89,United States,$8.10,20
527,03/18/2021,Madelina,Bright,mbrightem@4shared.com,Male,122.108.55.197,France,$6.52,20
528,03/24/2021,Brandon,Hurran,bhurranen@blogtalkradio.com,Female,219.40.122.189,France,$6.64,
529,03/20/2021,Nikolai,Cockram,ncockrameo@addtoany.com,Male,82.163.12.117,United States,$6.20,20
530,03/05/2021,Nickola,Catterell,ncatterellep@wikimedia.org,Male,26.168.166.126,United States,$7.31,20
531,03/27/2021,Tristan,Busen,tbuseneq@gizmodo.com,Female,208.161.223.244,United States,$4.83,20
532,03/30/2021,Samuel,Fiddler,sfiddlerer@businessinsider.com,Female,235.116.91.167,France,$7.79,20
533,03/17/2021,Rosamund,Pawlick,rpawlickes@about.com,Female,26.33.30.214,Morocco,$5.65,20
534,03/27/2021,Aloin,Meus,ameuset@phoca.cz,Male,189.114.50.130,United States,$6.16,
535,03/28/2021,Michale,McCullough,mmccullougheu@bloomberg.com,Female,149.140.47.217,United States,$5.30,20
536,03/05/2021,Delmar,Woltman,dwoltmanev@mtv.com,Female,141.65.42.123,France,$9.89,
537,03/16/2021,Salomone,Kendrick,skendrickew@is.gd,Female,189.72.86.197,United States,$7.91,20
538,03/08/2021,Alphonso,Fayerman,afayermanex@businesswire.com,,61.182.20.63,Morocco,$9.08,20
539,03/14/2021,Janela,Wesker,jweskerey@oracle.com,Female,238.238.76.193,United States,$5.32,20
540,03/26/2021,Aime,Herley,aherleyez@paypal.com,Female,120.195.233.76,United States,$7.16,20
541,03/13/2021,Jeannie,Sante,jsantef0@usnews.com,Female,225.206.237.134,Canada,$3.38,
542,03/07/2021,Tera,Hartridge,thartridgef1@clickbank.net,Male,152.115.40.40,Morocco,$3.73,20
543,03/19/2021,Gilbert,Kiddey,gkiddeyf2@paginegialle.it,Male,81.173.64.55,France,$3.09,20
544,03/13/2021,Cord,Scoines,cscoinesf3@acquirethisname.com,Male,166.61.216.111,France,$5.61,20
545,03/08/2021,Francyne,How to preserve,fhowtopreservef4@fda.gov,Female,9.30.238.32,France,$4.83,
546,03/25/2021,Constanta,McKinie,cmckinief5@canalblog.com,,187.82.255.125,France,$5.82,20
547,03/22/2021,Angelia,Illingsworth,aillingsworthf6@redcross.org,Female,190.129.162.124,France,$8.80,
548,03/28/2021,Wendi,Woolmer,wwoolmerf7@infoseek.co.jp,Male,243.78.226.42,United States,$4.22,
549,03/06/2021,Karel,Moncaster,kmoncasterf8@vk.com,Male,104.156.175.90,United States,$7.78,20
550,03/04/2021,Leese,Kunath,lkunathf9@hostgator.com,Female,233.252.144.169,Canada,$9.82,20
551,03/06/2021,Bar,Palley,bpalleyfa@yahoo.co.jp,,20.94.216.24,Canada,$9.29,20
552,03/18/2021,Sherie,Jermy,sjermyfb@foxnews.com,Female,48.114.5.248,Morocco,$5.91,20
553,03/14/2021,Corena,Vequaud,cvequaudfc@adobe.com,Male,152.144.250.8,Canada,$5.48,
554,03/27/2021,Arlina,Burgyn,aburgynfd@jiathis.com,Female,237.135.103.166,France,$5.24,20
555,03/29/2021,Casi,Criple,ccriplefe@hostgator.com,Female,18.38.1.6,United States,$7.12,
556,03/10/2021,Mikael,Trebilcock,mtrebilcockff@intel.com,Female,60.154.151.123,France,$7.50,20
557,03/28/2021,Jourdan,Korn,jkornfg@bing.com,Female,202.132.53.62,Canada,$6.46,
558,03/29/2021,Nannie,Robel,nrobelfh@blinklist.com,Female,45.162.175.209,Canada,$7.95,20
559,03/18/2021,Hannah,Arran,harranfi@qq.com,Male,19.98.48.227,United States,$3.98,
560,03/25/2021,Cecil,MacAless,cmacalessfj@prweb.com,Male,167.19.192.46,United States,$7.89,20
561,03/10/2021,Karlyn,Bawden,kbawdenfk@shutterfly.com,Female,28.68.155.226,France,$3.74,
562,03/09/2021,Jacobo,Cattonnet,jcattonnetfl@fotki.com,Female,140.1.68.181,France,$4.87,20
563,03/14/2021,Rudyard,Cosgrove,rcosgrovefm@arstechnica.com,,199.149.60.165,France,$3.86,20
564,03/29/2021,Nerte,Stollwerck,nstollwerckfn@domainmarket.com,Female,226.240.109.162,Canada,$4.17,20
565,03/16/2021,Elisha,Golden,egoldenfo@dmoz.org,Female,183.135.46.94,United States,$6.11,
566,03/04/2021,Thorpe,Phorsby,tphorsbyfp@live.com,Male,245.154.58.148,Canada,$5.63,20
567,03/20/2021,Mallory,Burke,mburkefq@ycombinator.com,Male,146.83.48.60,Canada,$5.48,
568,03/14/2021,Gage,Dusting,gdustingfr@who.int,Female,196.69.36.83,France,$6.02,20
569,03/24/2021,Jens,Bosket,jbosketfs@sun.com,Female,197.211.217.82,France,$9.38,20
570,03/29/2021,Faith,Bambra,fbambraft@mac.com,Male,232.127.80.236,United States,$3.36,20
571,03/01/2021,Gal,Dragon,gdragonfu@wikia.com,Female,65.58.231.93,France,$5.60,
572,03/01/2021,Marielle,Doherty,mdohertyfv@weibo.com,Female,96.120.122.150,France,$5.56,20
573,03/08/2021,Harwilll,Haycraft,hhaycraftfw@1und1.de,Female,236.212.123.191,France,$8.18,
574,03/24/2021,Alanson,Wagen,awagenfx@miibeian.gov.cn,Male,203.0.183.2,France,$6.51,20
575,03/25/2021,Jamill,Storek,jstorekfy@ucoz.ru,Male,129.50.213.165,France,$4.86,
576,03/14/2021,Lucien,Rigate,lrigatefz@kickstarter.com,Male,124.38.180.18,United States,$4.55,20
577,03/20/2021,Friederike,Boyda,fboydag0@bloglovin.com,Male,131.16.231.71,France,$4.12,20
578,03/12/2021,Lorelle,Fiennes,lfiennesg1@salon.com,Female,255.150.207.116,France,$3.03,20
579,03/04/2021,Thornie,Letterick,tletterickg2@ycombinator.com,Male,6.179.53.231,Canada,$4.36,20
580,03/06/2021,Vassili,De Cleyne,vdecleyneg3@facebook.com,Female,117.5.169.241,Canada,$7.45,20
581,03/04/2021,Myrtice,Stangoe,mstangoeg4@yahoo.com,Male,87.29.47.145,United States,$8.55,20
582,03/19/2021,Maureen,Crick,mcrickg5@abc.net.au,Male,52.252.160.131,Morocco,$7.66,
583,03/01/2021,Devinne,Daice,ddaiceg6@huffingtonpost.com,Male,135.88.88.57,France,$6.50,20
584,03/27/2021,Raf,Fuggles,rfugglesg7@dailymotion.com,Male,32.109.32.199,France,$3.77,
585,03/26/2021,Tedi,Hazelgreave,thazelgreaveg8@soundcloud.com,Male,17.182.113.153,United States,$3.46,20
586,03/16/2021,Dur,Teasell,dteasellg9@mapquest.com,Female,94.71.115.57,United States,$4.17,20
587,03/24/2021,Blaire,Ondrak,bondrakga@japanpost.jp,Male,82.118.129.23,France,$8.92,
588,03/23/2021,Xavier,Sleeford,xsleefordgb@theglobeandmail.com,Male,59.240.161.56,,$9.71,
589,03/21/2021,Colas,Prudham,cprudhamgc@adobe.com,Male,106.9.4.154,France,$4.36,
590,03/13/2021,Jayson,Jennaway,jjennawaygd@si.edu,Male,123.93.32.151,France,$6.40,
591,03/29/2021,Bertram,Hazael,bhazaelge@apple.com,Male,105.102.117.157,,$7.62,
592,03/23/2021,Nikolos,Sibthorp,nsibthorpgf@aboutads.info,Female,245.104.0.143,United States,$7.50,20
593,03/16/2021,Zoe,Daughtry,zdaughtrygg@scientificamerican.com,Female,58.93.219.91,France,$3.92,20
594,03/10/2021,Lorine,Cullum,lcullumgh@bravesites.com,Female,231.105.207.178,United States,$5.10,20
595,03/19/2021,Jose,Dumbelton,jdumbeltongi@instagram.com,Male,6.145.144.190,France,$8.45,
596,03/11/2021,Carlos,Allbrook,callbrookgj@weather.com,Male,107.7.18.173,France,$9.42,
597,03/09/2021,Gwendolin,Bigland,gbiglandgk@slate.com,Female,21.113.118.152,United States,$9.86,20
598,03/24/2021,Edlin,Tiptaft,etiptaftgl@lycos.com,Male,217.86.192.143,United States,$9.09,
599,03/23/2021,Sibilla,Monday,smondaygm@plala.or.jp,Female,102.95.58.85,Morocco,$5.81,20
600,03/29/2021,Bil,Sarsfield,bsarsfieldgn@state.tx.us,Male,75.77.239.121,United States,$5.36,20
601,03/19/2021,Lusa,McColgan,lmccolgango@nature.com,Female,141.132.71.145,Morocco,$5.98,20
602,03/28/2021,Ciro,Libbe,clibbegp@dot.gov,Female,19.70.96.89,France,$6.43,
603,03/30/2021,Sanderson,Dockreay,sdockreaygq@hexun.com,Female,54.166.22.218,France,$8.15,20
604,03/23/2021,Beryle,Guerin,bgueringr@comcast.net,Male,108.121.179.144,France,$6.48,20
605,03/03/2021,Derick,Salvin,dsalvings@squidoo.com,Female,71.209.190.63,France,$8.75,20
606,03/03/2021,Courtnay,Shuter,cshutergt@netscape.com,Female,21.233.148.126,France,$6.12,
607,03/19/2021,Arda,Yude,ayudegu@dailymail.co.uk,Female,255.240.144.60,Morocco,$6.18,20
608,03/19/2021,Garrick,Ferrulli,gferrulligv@linkedin.com,Male,150.109.5.214,United States,$8.24,
609,03/23/2021,Jareb,Teideman,jteidemangw@cbsnews.com,Female,227.235.247.239,United States,$4.93,
610,03/24/2021,Torin,Sibbert,tsibbertgx@arstechnica.com,Male,26.152.233.229,United States,$3.31,
611,03/12/2021,Jorie,Penk,jpenkgy@webs.com,Male,125.97.111.30,France,$8.60,
612,03/13/2021,Scott,McCarney,smccarneygz@dion.ne.jp,Male,209.60.220.174,United States,$6.85,20
613,03/05/2021,Buddy,Fleg,bflegh0@clickbank.net,Male,102.233.111.207,United States,$9.05,20
614,03/19/2021,Lek,Garton,lgartonh1@twitpic.com,Female,65.140.194.215,France,$4.02,
615,03/08/2021,Jerry,Cookley,jcookleyh2@abc.net.au,Female,83.201.90.115,United States,$3.35,20
616,03/18/2021,Tate,Mulvenna,tmulvennah3@java.com,Male,124.111.44.195,United States,$5.08,20
617,03/02/2021,Burlie,Pascow,bpascowh4@moonfruit.com,Female,102.9.249.177,Canada,$8.42,20
618,03/09/2021,Law,Beaney,lbeaneyh5@netscape.com,Male,38.143.33.44,United States,$3.31,
619,03/27/2021,Archibaldo,Buddleigh,abuddleighh6@arstechnica.com,Female,194.97.69.163,France,$7.99,20
620,03/02/2021,Joell,Benkhe,jbenkheh7@wired.com,,152.126.55.189,United States,$5.89,20
621,03/18/2021,Cicily,Musslewhite,cmusslewhiteh8@live.com,,184.161.19.242,France,$5.79,
622,03/04/2021,Esme,Jodlkowski,ejodlkowskih9@zdnet.com,Female,27.113.83.72,Morocco,$9.72,
623,03/10/2021,Lorin,Nestor,lnestorha@google.fr,,178.148.204.237,Canada,$7.72,20
624,03/27/2021,Haven,Cornilli,hcornillihb@drupal.org,Male,245.162.180.166,France,$3.61,20
625,03/07/2021,Nollie,Okenfold,nokenfoldhc@home.pl,Female,179.161.31.107,France,$4.39,20
626,03/07/2021,Redford,Spindler,rspindlerhd@google.pl,Female,249.207.120.81,France,$7.89,20
627,03/03/2021,Prinz,Sterndale,psterndalehe@quantcast.com,Male,1.168.3.41,France,$7.03,20
628,03/13/2021,Saul,Resun,sresunhf@list-manage.com,Male,43.120.28.189,Morocco,$7.39,
629,03/12/2021,Vally,Flea,vfleahg@loc.gov,Male,2.102.163.238,France,$9.84,
630,03/14/2021,Kalina,Fairnington,kfairningtonhh@netscape.com,Male,192.216.133.232,Canada,$9.85,
631,03/06/2021,Randi,Gullan,rgullanhi@discovery.com,Male,186.251.95.112,France,$3.05,20
632,03/14/2021,Fletch,Mandy,fmandyhj@sciencedaily.com,Female,185.11.84.30,United States,$3.22,
633,03/25/2021,Thurston,Collie,tcolliehk@indiegogo.com,Female,224.204.224.206,France,$4.35,20
634,03/16/2021,Rolfe,McKmurrie,rmckmurriehl@wired.com,Male,31.52.11.2,France,$8.75,20
635,03/03/2021,Kathie,Wisniowski,kwisniowskihm@imageshack.us,Female,36.195.71.226,France,$4.62,20
636,03/25/2021,Adrian,Hriinchenko,ahriinchenkohn@sciencedirect.com,Male,231.254.141.123,United States,$4.49,
637,03/17/2021,Avery,Piecha,apiechaho@bbb.org,Male,89.83.108.152,United States,$4.50,20
638,03/20/2021,Madel,Sylvaine,msylvainehp@sbwire.com,Male,140.192.254.47,United States,$4.49,20
639,03/30/2021,Darb,Wogan,dwoganhq@xing.com,Female,131.212.94.231,United States,$9.58,20
640,03/15/2021,Madlin,Guite,mguitehr@google.it,Female,35.250.14.132,France,$6.50,
641,03/13/2021,Aleksandr,Speariett,aspearietths@google.it,Male,94.217.228.234,Canada,$8.72,20
642,03/17/2021,Silvana,Calderon,scalderonht@wsj.com,Male,201.27.71.74,France,$8.54,20
643,03/24/2021,Duke,Foxen,dfoxenhu@google.com.au,Male,238.175.125.167,France,$9.32,20
644,03/01/2021,Candy,Mealiffe,cmealiffehv@noaa.gov,Male,51.55.174.70,France,$7.12,
645,03/26/2021,Adda,Nevin,anevinhw@stanford.edu,Male,222.113.239.10,France,$3.73,20
646,03/08/2021,Judy,Chuney,jchuneyhx@mlb.com,Male,249.123.211.251,Morocco,$8.96,20
647,03/21/2021,Eva,Corke,ecorkehy@spotify.com,,222.244.235.99,Canada,$4.46,
648,03/20/2021,Alanson,Butterick,abutterickhz@imdb.com,Male,59.209.139.193,Canada,$6.63,20
649,03/10/2021,Theresina,Constable,tconstablei0@usnews.com,Male,247.1.89.27,Morocco,$4.70,20
650,03/22/2021,Dilly,Cherrison,dcherrisoni1@shutterfly.com,Male,182.178.9.105,France,$9.33,
651,03/19/2021,Marcela,Youngman,myoungmani2@naver.com,Female,11.126.230.253,United States,$4.84,20
652,03/19/2021,Kingsly,Dorracott,kdorracotti3@narod.ru,Female,72.239.247.28,France,$9.84,20
653,03/06/2021,Sutherlan,Motto,smottoi4@prlog.org,Male,46.146.249.230,United States,$4.20,20
654,03/28/2021,Reid,Yushkin,ryushkini5@nsw.gov.au,,203.130.168.200,,$5.30,
655,03/30/2021,Antonius,Beresfore,aberesforei6@weather.com,Female,57.247.138.32,United States,$6.59,
656,03/10/2021,Roselle,Lemerle,rlemerlei7@virginia.edu,Female,23.200.116.161,United States,$7.20,20
657,03/17/2021,Dallas,von Hagt,dvonhagti8@illinois.edu,Female,114.152.168.77,France,$6.91,20
658,03/28/2021,Sydney,Makeswell,smakeswelli9@whitehouse.gov,,60.2.46.153,France,$3.20,20
659,03/08/2021,Nonna,Cotilard,ncotilardia@issuu.com,Female,65.127.172.172,France,$9.30,20
660,03/21/2021,Levon,Jaine,ljaineib@google.ru,Male,128.37.117.141,Morocco,$4.92,
661,03/09/2021,Waverley,Perris,wperrisic@desdev.cn,Female,55.79.80.28,France,$3.03,20
662,03/29/2021,Westbrook,Fowler,wfowlerid@chron.com,Male,67.64.78.240,France,$3.75,
663,03/11/2021,Carol,Glennie,cglennieie@squarespace.com,Male,128.54.204.166,Canada,$5.20,20
664,03/01/2021,Camala,Oleksiak,coleksiakif@friendfeed.com,Female,200.144.69.184,United States,$3.59,
665,03/03/2021,Janet,Dimitriev,jdimitrievig@foxnews.com,Female,235.74.159.202,Canada,$7.09,20
666,03/08/2021,Ibbie,Bettanay,ibettanayih@disqus.com,Male,57.228.180.248,France,$5.78,
667,03/06/2021,Jelene,Creer,jcreerii@facebook.com,Male,225.73.234.50,United States,$9.10,20
668,03/13/2021,Gustav,Riggulsford,griggulsfordij@naver.com,Female,218.217.186.148,France,$5.26,20
669,03/05/2021,Aggie,Kempe,akempeik@accuweather.com,Female,203.159.153.33,United States,$6.24,
670,03/24/2021,Nick,Elsey,nelseyil@ft.com,Female,179.16.186.129,France,$8.18,20
671,03/13/2021,Mel,Arrigo,marrigoim@chronoengine.com,Male,18.97.166.29,United States,$6.62,20
672,03/05/2021,Alexandre,Liverock,aliverockin@spiegel.de,Female,109.132.213.121,United States,$9.08,20
673,03/04/2021,Tallie,Clunan,tclunanio@samsung.com,Female,65.132.81.210,United States,$3.46,
674,03/01/2021,Lyn,Kase,lkaseip@jiathis.com,Female,148.69.19.239,France,$9.27,
675,03/07/2021,Daffi,Bartolomeo,dbartolomeoiq@histats.com,Female,17.241.59.250,Canada,$6.39,20
676,03/17/2021,Corine,Sictornes,csictornesir@google.com.hk,Female,111.204.252.75,United States,$8.68,20
677,03/12/2021,Dario,Inger,dingeris@patch.com,Male,74.66.214.24,United States,$4.88,
678,03/29/2021,Victoria,Rediers,vrediersit@miibeian.gov.cn,Female,26.203.217.201,United States,$4.72,20
679,03/23/2021,Nicoli,Bielfeld,nbielfeldiu@tuttocitta.it,Male,43.238.223.183,United States,$5.40,20
680,03/25/2021,Corbet,Spick,cspickiv@lycos.com,Female,125.98.45.245,United States,$6.72,20
681,03/20/2021,Waylen,Daice,wdaiceiw@e-recht24.de,Male,132.88.173.88,France,$8.83,
682,03/02/2021,Clare,Breitler,cbreitlerix@printfriendly.com,Female,53.157.180.213,Morocco,$9.33,20
683,03/22/2021,Kariotta,Lindell,klindelliy@1688.com,Male,199.5.1.167,United States,$3.94,20
684,03/06/2021,Evangelin,Grieveson,egrievesoniz@4shared.com,Male,100.216.155.213,Canada,$9.96,20
685,03/28/2021,Fallon,Corteis,fcorteisj0@google.es,Male,57.221.40.224,United States,$5.65,20
686,03/26/2021,Gunar,Ionesco,gionescoj1@google.es,Male,45.33.182.231,France,$9.38,
687,03/28/2021,Redford,Langland,rlanglandj2@ft.com,Male,173.50.136.216,Canada,$6.99,20
688,03/25/2021,Patricia,Weagener,pweagenerj3@redcross.org,Female,7.26.181.193,France,$3.91,
689,03/23/2021,Udell,Maulden,umauldenj4@vimeo.com,Female,224.202.233.130,France,$3.54,20
690,03/01/2021,Marta,Graeber,mgraeberj5@unc.edu,Male,223.213.34.223,United States,$7.30,20
691,03/14/2021,Sherwin,Wiersma,swiersmaj6@twitter.com,Female,72.33.129.182,France,$5.29,20
692,03/06/2021,Annetta,Stormonth,astormonthj7@jugem.jp,Male,17.219.234.146,United States,$8.17,20
693,03/08/2021,Rasla,Rolling,rrollingj8@arizona.edu,Male,37.234.81.35,Canada,$4.95,20
694,03/29/2021,Gabey,Brechin,gbrechinj9@vimeo.com,Female,215.28.18.138,France,$9.45,20
695,03/23/2021,Charlotte,McDaid,cmcdaidja@google.cn,Male,219.62.236.85,France,$3.74,20
696,03/01/2021,Viv,Bardell,vbardelljb@patch.com,,112.177.146.50,France,$8.40,
697,03/29/2021,Dal,Ducarne,dducarnejc@wix.com,Female,93.152.130.13,France,$9.53,20
698,03/17/2021,Roxane,Erbe,rerbejd@google.de,Male,155.54.81.236,United States,$3.95,20
699,03/08/2021,Gael,Rothon,grothonje@i2i.jp,Male,122.193.52.74,United States,$9.65,20
700,03/26/2021,Mead,Woodison,mwoodisonjf@rediff.com,,163.215.64.100,France,$3.89,
701,03/21/2021,Amity,Harrild,aharrildjg@narod.ru,Male,126.215.231.116,France,$9.77,
702,03/26/2021,Phillipp,Bennallck,pbennallckjh@mapquest.com,Female,104.229.182.45,France,$5.25,20
703,03/25/2021,Nerita,Jelly,njellyji@oaic.gov.au,Male,97.6.33.184,United States,$7.54,20
704,03/06/2021,Zuzana,Huebner,zhuebnerjj@forbes.com,Female,28.165.40.175,United States,$3.58,20
705,03/18/2021,Donny,Testo,dtestojk@aboutads.info,Female,131.45.95.44,France,$7.12,
706,03/04/2021,Verney,Stoppe,vstoppejl@xrea.com,Male,223.196.82.6,Canada,$9.62,20
707,03/01/2021,Gisela,MacFayden,gmacfaydenjm@answers.com,,130.213.31.145,Canada,$6.84,
708,03/29/2021,Ofelia,Brugger,obruggerjn@soundcloud.com,,72.218.100.174,France,$9.45,
709,03/29/2021,Gerald,Gligoraci,ggligoracijo@storify.com,Male,128.141.166.54,France,$3.73,20
710,03/23/2021,Tristan,Trenam,ttrenamjp@tumblr.com,Male,179.127.186.159,,$3.69,20
711,03/03/2021,Byrom,Boots,bbootsjq@taobao.com,Female,73.72.152.46,Canada,$3.74,20
712,03/30/2021,Tiffy,Ryal,tryaljr@pagesperso-orange.fr,Male,88.102.149.156,Canada,$4.85,20
713,03/14/2021,Flossi,Martinson,fmartinsonjs@ebay.com,Male,83.46.135.210,United States,$3.55,20
714,03/21/2021,Aurora,Jurisch,ajurischjt@amazon.com,Female,78.241.73.206,France,$5.09,20
715,03/02/2021,Burnaby,Dyka,bdykaju@usnews.com,Female,239.232.43.33,United States,$4.88,20
716,03/28/2021,Pascale,Lage,plagejv@webmd.com,Female,219.36.56.81,France,$4.13,20
717,03/20/2021,Wallache,Lammiman,wlammimanjw@bizjournals.com,Female,16.202.148.212,France,$5.48,20
718,03/01/2021,Teresa,Roser,troserjx@printfriendly.com,,172.229.202.62,United States,$8.35,20
719,03/11/2021,Ethelin,Narey,enareyjy@uiuc.edu,Male,149.1.243.110,France,$3.00,20
720,03/16/2021,Arden,Juliano,ajulianojz@auda.org.au,Male,226.251.44.45,United States,$9.38,20
721,03/14/2021,Maurits,Gutteridge,mgutteridgek0@i2i.jp,Male,237.130.182.155,Canada,$4.78,20
722,03/02/2021,Jerrine,Stollman,jstollmank1@google.it,Male,102.215.137.204,Morocco,$3.06,20
723,03/09/2021,Fernando,Simkovich,fsimkovichk2@economist.com,Female,223.35.224.170,France,$3.41,20
724,03/04/2021,Banky,Binnie,bbinniek3@time.com,,125.193.59.221,France,$4.42,20
725,03/25/2021,Gustav,Deakins,gdeakinsk4@biblegateway.com,Male,165.216.134.153,Canada,$4.90,
726,03/28/2021,Christiano,Holburn,cholburnk5@ezinearticles.com,Male,152.39.187.60,United States,$5.69,20
727,03/27/2021,Sher,Spires,sspiresk6@hatena.ne.jp,Female,109.237.231.24,France,$6.37,20
728,03/22/2021,Karlis,de Quesne,kdequesnek7@chicagotribune.com,Female,9.193.192.110,France,$4.79,
729,03/20/2021,Dalston,Croutear,dcrouteark8@ucoz.com,Male,10.238.48.182,France,$4.39,20
730,03/12/2021,Zach,Chell,zchellk9@soup.io,,149.65.96.249,France,$5.16,20
731,03/04/2021,Shaun,Hodgen,shodgenka@hibu.com,Male,146.141.123.14,United States,$6.27,
732,03/29/2021,Ches,Duerden,cduerdenkb@opera.com,Male,1.32.3.243,United States,$9.95,20
733,03/20/2021,Hamish,Reedick,hreedickkc@marketwatch.com,Female,41.78.124.155,France,$5.76,20
734,03/26/2021,Gaylene,De Benedetti,gdebenedettikd@hud.gov,,226.220.228.141,France,$5.33,
735,03/22/2021,Lesly,Skidmore,lskidmoreke@g.co,Female,51.101.186.170,France,$7.71,20
736,03/05/2021,Loy,Pedwell,lpedwellkf@archive.org,Male,14.179.107.149,United States,$6.87,
737,03/15/2021,Constantine,Loble,cloblekg@digg.com,Female,9.57.195.1,Morocco,$8.44,20
738,03/08/2021,Kial,Feore,kfeorekh@icq.com,Female,49.206.35.182,France,$6.19,
739,03/12/2021,Davidde,Castanho,dcastanhoki@merriam-webster.com,Male,60.82.202.3,France,$3.98,
740,03/21/2021,Harriett,Kemmett,hkemmettkj@163.com,Male,32.205.24.41,United States,$9.27,20
741,03/19/2021,Corinna,Bassill,cbassillkk@soundcloud.com,Male,94.84.57.249,France,$7.76,20
742,03/02/2021,Nolly,Skeete,nskeetekl@japanpost.jp,Male,248.77.102.211,United States,$9.63,
743,03/27/2021,Antonetta,Paolazzi,apaolazzikm@creativecommons.org,Male,140.184.151.128,France,$7.43,
744,03/25/2021,Antons,Simper,asimperkn@imgur.com,Female,117.238.180.60,,$3.93,20
745,03/14/2021,Silvio,Pimblott,spimblottko@arstechnica.com,Female,87.225.158.95,France,$9.57,
746,03/15/2021,Buck,Tiller,btillerkp@webmd.com,Male,240.202.20.171,United States,$4.68,20
747,03/20/2021,Carol,Samett,csamettkq@slideshare.net,Male,136.219.156.101,France,$5.73,
748,03/22/2021,Sindee,Thomen,sthomenkr@unicef.org,Female,107.244.72.116,France,$4.02,
749,03/02/2021,Julio,Nuccitelli,jnuccitelliks@google.cn,Male,196.207.240.147,United States,$3.92,
750,03/26/2021,Lindsy,Seydlitz,lseydlitzkt@guardian.co.uk,Female,127.10.248.104,Canada,$5.42,20
751,03/25/2021,Dale,Westmancoat,dwestmancoatku@yelp.com,,176.91.14.51,United States,$3.63,20
752,03/23/2021,Mona,Bruckner,mbrucknerkv@comsenz.com,,94.249.239.230,Canada,$7.25,20
753,03/08/2021,Flo,Verner,fvernerkw@cdbaby.com,Female,152.119.121.217,Canada,$4.48,
754,03/15/2021,Dominica,Lazar,dlazarkx@umn.edu,Female,236.184.220.201,France,$5.72,20
755,03/04/2021,Killy,Rubenov,krubenovky@soup.io,,113.190.86.159,France,$3.78,20
756,03/20/2021,Hale,Fevier,hfevierkz@e-recht24.de,Female,94.23.149.140,Canada,$6.51,20
757,03/03/2021,Bradford,Humberstone,bhumberstonel0@meetup.com,Female,214.239.97.223,United States,$4.61,20
758,03/14/2021,Hamlen,Sline,hslinel1@cafepress.com,Female,137.145.13.63,France,$6.07,20
759,03/11/2021,Constantine,Marzelo,cmarzelol2@google.com.br,Male,194.237.157.112,France,$9.11,20
760,03/16/2021,Alicea,Hurrell,ahurrelll3@huffingtonpost.com,Female,97.53.66.219,Canada,$9.79,20
761,03/15/2021,Lucie,Thomesson,lthomessonl4@newyorker.com,Male,239.63.247.241,United States,$7.52,20
762,03/02/2021,Morly,Ruffles,mrufflesl5@merriam-webster.com,Female,37.147.125.122,France,$7.39,
763,03/01/2021,Truman,Dunbobbin,tdunbobbinl6@weebly.com,Male,4.98.254.111,Morocco,$8.22,20
764,03/22/2021,Quinton,Escreet,qescreetl7@icq.com,Male,215.4.226.24,France,$5.27,20
765,03/30/2021,Danna,Bugbee,dbugbeel8@hhs.gov,Female,0.157.200.239,United States,$6.21,
766,03/15/2021,Jonathan,Konneke,jkonnekel9@biblegateway.com,Female,130.141.217.37,France,$5.68,
767,03/21/2021,Bartlet,Ingreda,bingredala@huffingtonpost.com,Female,25.113.176.246,France,$7.79,20
768,03/11/2021,Holli,Moakes,hmoakeslb@sbwire.com,Female,108.240.227.163,United States,$3.74,20
769,03/20/2021,Ely,Tosney,etosneylc@umich.edu,Female,138.203.77.39,Canada,$7.83,
770,03/19/2021,Tedd,Hardin,thardinld@si.edu,Female,139.43.7.72,United States,$4.49,20
771,03/01/2021,Lissy,Wiggington,lwiggingtonle@macromedia.com,Female,204.213.100.22,Canada,$4.13,
772,03/01/2021,Vasily,Stacy,vstacylf@comcast.net,Male,145.42.33.173,France,$5.78,20
773,03/20/2021,Brynne,Cottrell,bcottrelllg@spiegel.de,Female,154.115.136.104,United States,$7.22,
774,03/21/2021,Adoree,Jurisic,ajurisiclh@bbb.org,Female,89.168.152.77,United States,$5.44,20
775,03/07/2021,Anastasia,Northing,anorthingli@biglobe.ne.jp,Female,226.48.46.137,,$5.70,
776,03/11/2021,Lauren,Embling,lemblinglj@tumblr.com,Female,186.200.219.120,United States,$7.71,
777,03/19/2021,Mitch,Pittel,mpittellk@kickstarter.com,Male,90.95.110.82,Canada,$3.86,20
778,03/21/2021,Carrie,Tooth,ctoothll@nyu.edu,Female,109.186.254.48,United States,$9.80,20
779,03/06/2021,Alberto,Balffye,abalffyelm@drupal.org,Female,187.177.59.161,France,$6.75,20
780,03/03/2021,Jean,Lanceley,jlanceleyln@github.io,Male,131.98.34.136,France,$5.03,20
781,03/15/2021,Camilla,Rops,cropslo@princeton.edu,Male,42.7.138.174,France,$6.81,20
782,03/09/2021,Mackenzie,Ciementini,mciementinilp@flavors.me,Female,28.169.103.32,Canada,$5.18,20
783,03/20/2021,Natividad,Aggott,naggottlq@jiathis.com,Female,36.241.142.199,France,$7.34,20
784,03/11/2021,Donna,Greatbank,dgreatbanklr@tmall.com,Male,16.138.241.47,Canada,$4.05,20
785,03/15/2021,Colleen,Grevile,cgrevilels@nhs.uk,Female,140.17.225.38,France,$3.21,
786,03/06/2021,Roz,Ollis,rollislt@bbb.org,,242.100.149.140,United States,$9.89,20
787,03/17/2021,Maureen,Causon,mcausonlu@nature.com,,188.203.144.11,France,$4.36,
788,03/26/2021,Peggy,Clubbe,pclubbelv@studiopress.com,Female,231.65.125.100,France,$5.90,20
789,03/27/2021,Elroy,Tease,eteaselw@geocities.com,Male,54.163.186.112,France,$6.59,
790,03/09/2021,Elnar,Hurleston,ehurlestonlx@slideshare.net,Female,233.99.164.115,Morocco,$4.27,20
791,03/07/2021,Andee,Cyphus,acyphusly@apple.com,Female,19.10.183.161,United States,$6.59,
792,03/11/2021,Faythe,Lofting,floftinglz@mozilla.com,Female,16.218.126.181,Morocco,$5.62,20
793,03/30/2021,Sammy,Bugby,sbugbym0@ameblo.jp,Female,151.112.204.223,Canada,$9.58,20
794,03/08/2021,Julieta,Guyonnet,jguyonnetm1@ask.com,Female,236.89.195.17,United States,$5.37,20
795,03/05/2021,Zack,Ber,zberm2@skyrock.com,Female,177.77.114.178,France,$9.51,
796,03/03/2021,Karney,Sanchis,ksanchism3@gmpg.org,Female,181.57.46.192,United States,$5.32,20
797,03/21/2021,Joyan,Comberbach,jcomberbachm4@ask.com,Female,31.162.216.41,France,$8.90,20
798,03/26/2021,Franny,Selburn,fselburnm5@latimes.com,Female,189.254.218.200,United States,$3.52,20
799,03/26/2021,Ad,Columbine,acolumbinem6@jiathis.com,Male,49.216.89.141,France,$7.51,20
800,03/01/2021,Demetri,Horribine,dhorribinem7@artisteer.com,Female,90.215.121.230,Canada,$8.48,20
801,03/27/2021,Bucky,Grimsdell,bgrimsdellm8@japanpost.jp,Male,199.88.12.70,Canada,$3.73,
802,03/21/2021,Rusty,Gisborne,rgisbornem9@state.gov,Female,179.62.175.160,Canada,$5.76,20
803,03/14/2021,Guillermo,Dando,gdandoma@washington.edu,Male,112.36.3.186,France,$9.98,
804,03/07/2021,Elicia,Winspurr,ewinspurrmb@issuu.com,Female,203.43.27.184,United States,$7.20,
805,03/20/2021,Caesar,Spellesy,cspellesymc@lycos.com,Female,206.68.68.166,United States,$9.51,20
806,03/08/2021,Kimmy,Dakin,kdakinmd@msu.edu,Male,225.232.76.215,France,$4.90,
807,03/25/2021,Irena,Calven,icalvenme@huffingtonpost.com,Female,252.178.122.167,France,$3.90,20
808,03/26/2021,Martie,Ferryn,mferrynmf@ed.gov,Male,117.215.153.94,France,$5.97,
809,03/20/2021,Barnie,Mulvenna,bmulvennamg@nifty.com,Female,14.113.63.103,United States,$8.35,20
810,03/09/2021,Aldwin,Dell Casa,adellcasamh@nifty.com,Female,36.197.229.204,United States,$9.84,20
811,03/03/2021,Ariana,Duckett,aduckettmi@toplist.cz,Male,29.216.176.66,France,$5.48,
812,03/07/2021,Stanley,Paylor,spaylormj@soundcloud.com,Male,105.80.116.223,United States,$9.26,20
813,03/02/2021,Kara,Mattea,kmatteamk@cyberchimps.com,Male,251.121.62.178,France,$3.11,
814,03/18/2021,Luke,Walklott,lwalklottml@blinklist.com,Male,162.33.17.15,France,$4.98,20
815,03/07/2021,Elva,Muttitt,emuttittmm@cnn.com,Male,126.193.149.232,United States,$4.21,20
816,03/05/2021,Shelagh,Yurivtsev,syurivtsevmn@hc360.com,Male,254.49.213.102,United States,$7.65,20
817,03/02/2021,Worden,Fauning,wfauningmo@so-net.ne.jp,Female,206.0.128.140,United States,$4.20,
818,03/16/2021,Jarrad,Dearness,jdearnessmp@nifty.com,Male,101.241.88.207,France,$5.19,20
819,03/17/2021,Zilvia,Neicho,zneichomq@topsy.com,Female,65.99.230.246,Canada,$4.87,20
820,03/15/2021,Bernete,Mintoft,bmintoftmr@wordpress.org,Female,120.75.69.189,Canada,$5.76,20
821,03/03/2021,Bibby,Lorne,blornems@amazon.co.uk,Male,79.56.47.190,United States,$5.51,
822,03/28/2021,Nonie,Boobyer,nboobyermt@jimdo.com,,32.168.79.174,United States,$6.52,
823,03/26/2021,Ki,Dinzey,kdinzeymu@scribd.com,Male,135.182.231.185,United States,$4.76,20
824,03/10/2021,Nalani,Augar,naugarmv@mozilla.org,Male,157.178.99.37,France,$8.99,20
825,03/06/2021,Boris,Peeters,bpeetersmw@yale.edu,Female,247.158.130.93,Canada,$6.80,
826,03/16/2021,Dale,Senechell,dsenechellmx@shinystat.com,Male,109.35.234.195,United States,$8.79,
827,03/19/2021,Vincenz,McGreal,vmcgrealmy@omniture.com,Male,159.133.218.38,France,$4.07,20
828,03/27/2021,Sonia,Allan,sallanmz@last.fm,Male,105.195.43.4,United States,$9.01,
829,03/17/2021,Myrna,Reynault,mreynaultn0@reuters.com,Female,130.114.110.109,France,$6.34,20
830,03/26/2021,Lesley,Mart,lmartn1@over-blog.com,Female,39.169.29.189,Canada,$5.20,20
831,03/06/2021,Andeee,Dyer,adyern2@geocities.jp,Male,235.128.214.54,France,$7.41,20
832,03/22/2021,Thain,Upwood,tupwoodn3@apache.org,Female,174.200.70.35,United States,$9.97,20
833,03/16/2021,Karlie,Airlie,kairlien4@princeton.edu,Male,215.183.158.88,United States,$9.19,20
834,03/05/2021,Lamont,Albrighton,lalbrightonn5@weibo.com,Female,110.214.93.127,Canada,$8.41,
835,03/20/2021,Ravi,Staley,rstaleyn6@dropbox.com,Female,217.101.211.86,France,$9.21,20
836,03/05/2021,Hy,Jeschner,hjeschnern7@irs.gov,Female,171.104.13.250,Morocco,$8.53,20
837,03/02/2021,Shep,Avrashin,savrashinn8@berkeley.edu,Female,178.86.156.91,United States,$6.67,20
838,03/02/2021,Lilith,Keave,lkeaven9@chicagotribune.com,,182.76.187.43,,$9.01,
839,03/03/2021,Sibilla,MacArdle,smacardlena@mozilla.org,Male,250.125.35.150,United States,$6.56,20
840,03/13/2021,Berna,Syne,bsynenb@usa.gov,Female,22.222.42.125,France,$7.82,20
841,03/05/2021,Kermit,Sigward,ksigwardnc@arizona.edu,Male,154.129.84.88,France,$6.46,20
842,03/23/2021,Norry,Kairns,nkairnsnd@businessweek.com,,120.5.210.233,France,$6.92,20
843,03/28/2021,Consuela,Itzkowicz,citzkowiczne@cbc.ca,Male,181.206.52.222,France,$8.63,
844,03/25/2021,Jermain,Penchen,jpenchennf@tinypic.com,Female,114.73.253.167,United States,$4.62,20
845,03/30/2021,Dav,Wolstenholme,dwolstenholmeng@gravatar.com,Female,100.149.56.231,,$7.12,
846,03/30/2021,Rivkah,Siemandl,rsiemandlnh@macromedia.com,Male,89.16.2.16,United States,$9.15,
847,03/08/2021,Kathrine,Mugg,kmuggni@i2i.jp,Male,243.173.250.197,United States,$5.67,20
848,03/23/2021,Bartel,Blanckley,bblanckleynj@diigo.com,Male,222.138.190.154,United States,$5.96,20
849,03/26/2021,Emelyne,Blonfield,eblonfieldnk@digg.com,Female,0.21.166.127,France,$3.54,20
850,03/21/2021,Ottilie,Bartaletti,obartalettinl@hostgator.com,Male,120.198.230.38,France,$9.88,20
851,03/20/2021,Kial,Spraggs,kspraggsnm@wikipedia.org,Male,112.44.219.50,France,$8.61,
852,03/23/2021,Lyell,Hasard,lhasardnn@amazon.co.jp,Female,214.69.177.156,France,$4.23,20
853,03/23/2021,Constantia,Chuney,cchuneyno@cbsnews.com,Female,143.221.227.51,France,$8.09,20
854,03/12/2021,Drud,Boise,dboisenp@nih.gov,Female,107.132.31.28,United States,$6.02,20
855,03/15/2021,Kesley,Scohier,kscohiernq@wikimedia.org,Male,81.215.128.126,France,$5.80,
856,03/12/2021,Johnathon,Cleaton,jcleatonnr@cornell.edu,Female,213.165.112.183,France,$9.68,
857,03/16/2021,Flynn,Cawthery,fcawtheryns@ezinearticles.com,Female,136.133.37.202,United States,$7.52,20
858,03/04/2021,Nelson,Farran,nfarrannt@msn.com,Male,50.140.165.129,France,$5.11,20
859,03/12/2021,Sharia,Arrell,sarrellnu@people.com.cn,,224.50.187.255,United States,$7.13,20
860,03/16/2021,Reinhard,Ruperti,rrupertinv@issuu.com,Male,107.140.70.98,France,$7.40,20
861,03/17/2021,Constantine,Robert,crobertnw@spiegel.de,Male,251.90.179.176,France,$7.33,20
862,03/10/2021,Paddie,Malley,pmalleynx@liveinternet.ru,Male,85.149.158.46,United States,$7.04,
863,03/21/2021,Artemis,Beilby,abeilbyny@state.gov,Male,55.129.48.3,France,$5.43,
864,03/15/2021,Chloris,Joesbury,cjoesburynz@nhs.uk,Male,135.42.31.113,France,$5.06,20
865,03/10/2021,Elyse,Driver,edrivero0@yellowbook.com,Male,43.242.215.196,France,$6.30,20
866,03/17/2021,Simmonds,Hindsberg,shindsbergo1@smh.com.au,Female,29.157.147.40,United States,$6.67,20
867,03/30/2021,Ced,Creeghan,ccreeghano2@nih.gov,Male,172.221.172.23,,$5.28,20
868,03/10/2021,Nonie,Avery,naveryo3@godaddy.com,,113.63.203.205,Canada,$7.65,
869,03/23/2021,Selle,Chelley,schelleyo4@w3.org,Male,140.197.220.80,France,$6.17,20
870,03/05/2021,Aubrie,Finnes,afinneso5@devhub.com,Female,106.107.122.117,France,$5.91,
871,03/22/2021,Jaime,Philliskirk,jphilliskirko6@hostgator.com,,11.218.152.245,France,$5.02,20
872,03/14/2021,Scarface,Alldis,salldiso7@cmu.edu,Male,53.37.210.73,Canada,$9.97,20
873,03/13/2021,Theodora,Croux,tcrouxo8@a8.net,,168.185.141.171,Morocco,$9.05,
874,03/15/2021,Thekla,Titcomb,ttitcombo9@ebay.co.uk,Male,92.148.213.155,France,$3.22,
875,03/09/2021,Paolo,Claasen,pclaasenoa@google.ru,Female,186.194.186.170,United States,$5.93,20
876,03/27/2021,Mendel,Allcoat,mallcoatob@reverbnation.com,Female,61.34.29.184,France,$9.16,20
877,03/10/2021,Jeffrey,Cavee,jcaveeoc@si.edu,Female,235.79.170.149,United States,$9.78,
878,03/10/2021,Kary,Cords,kcordsod@google.com.hk,Female,11.208.1.185,France,$3.57,20
879,03/17/2021,Corney,Atger,catgeroe@booking.com,Female,19.30.46.146,France,$3.29,
880,03/12/2021,Ron,Stoffersen,rstoffersenof@imgur.com,Male,182.171.188.29,United States,$5.29,20
881,03/08/2021,Willard,Cuphus,wcuphusog@flavors.me,Female,87.175.224.216,France,$9.28,20
882,03/29/2021,Horace,Ciciari,hciciarioh@dmoz.org,Male,71.65.105.18,France,$7.66,20
883,03/03/2021,Aluin,Petegrew,apetegrewoi@alibaba.com,Female,161.49.144.43,Morocco,$3.50,
884,03/09/2021,Tiphani,Urridge,turridgeoj@youku.com,Male,194.30.54.67,United States,$9.22,20
885,03/17/2021,Jeromy,Clemits,jclemitsok@printfriendly.com,Female,116.211.235.163,United States,$6.15,20
886,03/29/2021,Rosabel,Trinke,rtrinkeol@nih.gov,Female,216.217.157.17,France,$6.96,20
887,03/14/2021,Marylou,Jankovic,mjankovicom@amazonaws.com,Female,230.1.214.234,United States,$9.69,20
888,03/04/2021,Llewellyn,Lobe,llobeon@phpbb.com,Male,197.41.23.67,France,$7.97,20
889,03/30/2021,Emmeline,Torn,etornoo@harvard.edu,Male,252.153.216.148,France,$6.75,
890,03/23/2021,Nathanil,Crebo,ncreboop@statcounter.com,Female,176.66.37.234,France,$5.94,
891,03/18/2021,Rey,Veltman,rveltmanoq@umich.edu,Male,157.229.13.51,France,$5.02,
892,03/29/2021,Vincenz,Torrisi,vtorrisior@weather.com,Male,185.200.182.118,Morocco,$3.50,20
893,03/06/2021,Bette,Leates,bleatesos@ibm.com,Female,115.70.204.81,United States,$7.43,
894,03/13/2021,Quintin,Kettleson,qkettlesonot@studiopress.com,,219.239.244.123,,$8.96,
895,03/05/2021,Woodrow,Flaubert,wflaubertou@myspace.com,Male,42.211.167.151,France,$4.10,20
896,03/29/2021,Sadella,Searles,ssearlesov@phoca.cz,Male,155.114.82.253,France,$9.76,20
897,03/15/2021,Eberhard,Pilling,epillingow@guardian.co.uk,Male,221.11.171.157,United States,$9.88,20
898,03/11/2021,Betteanne,De Bruijne,bdebruijneox@columbia.edu,Female,121.104.211.177,Canada,$4.48,20
899,03/12/2021,Dulcine,Osborn,dosbornoy@indiatimes.com,Male,176.203.38.70,France,$3.83,
900,03/10/2021,Yalonda,McArdell,ymcardelloz@wikimedia.org,Male,50.77.208.31,France,$9.23,20
901,03/09/2021,Karla,Amphlett,kamphlettp0@sfgate.com,Male,178.229.85.56,United States,$8.45,20
902,03/26/2021,Dalenna,Filippyev,dfilippyevp1@economist.com,Male,119.183.18.59,France,$7.09,
903,03/23/2021,Quintina,Sterricks,qsterricksp2@cmu.edu,Male,255.19.122.233,Canada,$3.56,20
904,03/02/2021,Doralynne,Kime,dkimep3@amazonaws.com,Female,72.171.1.100,Morocco,$8.85,20
905,03/15/2021,Christabel,Conaghy,cconaghyp4@nydailynews.com,Female,171.42.96.61,United States,$7.19,20
906,03/21/2021,Aloysia,Benninger,abenningerp5@twitpic.com,Female,240.27.89.32,,$3.40,
907,03/11/2021,Cindelyn,Walkowski,cwalkowskip6@com.com,Female,180.145.89.0,France,$8.95,20
908,03/03/2021,Noah,Aliberti,nalibertip7@furl.net,Female,203.102.70.138,France,$6.73,
909,03/13/2021,Ingeborg,McLevie,imcleviep8@taobao.com,Male,200.46.239.9,France,$4.73,20
910,03/07/2021,Effie,Cotter,ecotterp9@ox.ac.uk,,83.76.67.124,United States,$6.95,20
911,03/14/2021,Honoria,Pollak,hpollakpa@phpbb.com,Female,21.31.34.184,United States,$5.35,20
912,03/10/2021,Elmira,Hardaway,ehardawaypb@dell.com,Male,58.18.93.135,United States,$7.66,20
913,03/04/2021,Crissy,Purvis,cpurvispc@ca.gov,Female,237.219.50.107,,$6.37,20
914,03/26/2021,Gayler,Farge,gfargepd@etsy.com,Male,101.85.227.228,United States,$7.68,20
915,03/08/2021,Giraldo,Meeny,gmeenype@taobao.com,Male,152.169.186.113,France,$3.22,20
916,03/24/2021,Mikaela,Barlee,mbarleepf@hexun.com,Male,212.250.49.186,France,$9.16,20
917,03/07/2021,Jannel,Duckels,jduckelspg@omniture.com,Male,148.185.210.217,United States,$9.98,
918,03/13/2021,Katie,Botfield,kbotfieldph@quantcast.com,Female,124.184.172.117,,$9.33,20
919,03/18/2021,Silvia,Daverin,sdaverinpi@uol.com.br,Male,119.161.184.205,Canada,$9.81,20
920,03/02/2021,Arnaldo,Eccleshare,aecclesharepj@spiegel.de,Female,228.59.1.157,Canada,$7.83,
921,03/05/2021,Beulah,McIlroy,bmcilroypk@deviantart.com,Female,64.194.211.168,France,$9.37,
922,03/18/2021,Micheline,Vobes,mvobespl@lulu.com,Female,56.65.206.219,United States,$4.13,20
923,03/28/2021,Juan,Jiru,jjirupm@home.pl,Male,168.62.101.56,France,$3.46,20
924,03/28/2021,Bili,MacClenan,bmacclenanpn@t-online.de,Female,46.138.56.148,France,$3.32,20
925,03/21/2021,Foster,Brosoli,fbrosolipo@zdnet.com,Male,158.141.223.112,United States,$9.81,
926,03/13/2021,Kellyann,Sarll,ksarllpp@reuters.com,Female,11.24.137.73,United States,$6.95,20
927,03/25/2021,Seymour,Sidebotham,ssidebothampq@alibaba.com,Female,116.2.193.17,United States,$7.95,
928,03/19/2021,Darrell,Bumford,dbumfordpr@goodreads.com,Female,142.250.150.192,United States,$6.05,
929,03/22/2021,Nonnah,Dibling,ndiblingps@mtv.com,Male,135.209.218.121,United States,$9.03,20
930,03/11/2021,Nealon,Ucchino,nucchinopt@home.pl,Female,82.133.222.182,United States,$8.96,
931,03/03/2021,Tessa,Janowicz,tjanowiczpu@amazon.de,Male,54.146.6.232,,$9.15,
932,03/15/2021,Tess,Saywell,tsaywellpv@wsj.com,Female,255.134.227.86,United States,$5.61,
933,03/21/2021,Ashton,Hollow,ahollowpw@ft.com,Female,53.141.154.244,Canada,$4.64,
934,03/18/2021,Beale,Tunnicliffe,btunnicliffepx@hc360.com,Female,139.254.117.202,Canada,$7.72,20
935,03/22/2021,Lorelei,Nern,lnernpy@dedecms.com,Female,32.62.19.178,France,$7.59,20
936,03/10/2021,Dukie,Fontaine,dfontainepz@time.com,Male,164.38.35.89,France,$3.30,20
937,03/27/2021,Verge,Swynfen,vswynfenq0@sourceforge.net,Female,34.221.153.76,United States,$7.93,20
938,03/22/2021,Gwenny,Fagence,gfagenceq1@theatlantic.com,Male,223.47.183.110,France,$5.30,20
939,03/23/2021,Iain,Espino,iespinoq2@zdnet.com,Female,173.132.227.118,France,$7.37,
940,03/12/2021,Jed,Nunns,jnunnsq3@redcross.org,Female,47.220.238.197,United States,$8.45,20
941,03/24/2021,Torey,Trye,ttryeq4@harvard.edu,Male,246.163.134.184,Canada,$3.23,20
942,03/09/2021,Kirbie,Metzig,kmetzigq5@youku.com,Female,93.85.14.156,France,$6.13,
943,03/11/2021,Delia,Moule,dmouleq6@answers.com,Female,57.118.215.9,France,$6.09,
944,03/10/2021,Jasper,Leadbeater,jleadbeaterq7@buzzfeed.com,,194.3.149.168,France,$7.44,20
945,03/04/2021,Wenona,Budnik,wbudnikq8@businessinsider.com,Male,70.198.244.203,United States,$7.89,20
946,03/14/2021,Margy,Phillpot,mphillpotq9@twitter.com,,135.110.93.155,France,$7.27,20
947,03/20/2021,Artemis,Bernhardsson,abernhardssonqa@pagesperso-orange.fr,Female,156.86.159.200,France,$9.35,20
948,03/18/2021,Ardelia,Jaggs,ajaggsqb@sitemeter.com,Female,218.38.104.132,,$5.79,
949,03/29/2021,Margareta,Sellack,msellackqc@usda.gov,Female,98.20.144.185,France,$5.94,20
950,03/09/2021,Liva,Larder,llarderqd@dailymail.co.uk,Male,234.30.42.212,France,$8.64,20
951,03/09/2021,Brett,Rutherford,brutherfordqe@hud.gov,Female,20.233.134.133,France,$8.35,
952,03/22/2021,Evan,Fusedale,efusedaleqf@hc360.com,Female,109.201.53.132,United States,$6.13,20
953,03/28/2021,Thedrick,Dunckley,tdunckleyqg@goo.gl,Female,105.25.205.115,United States,$5.94,20
954,03/20/2021,Shandie,Vasyutin,svasyutinqh@mlb.com,Female,95.227.50.2,France,$7.56,20
955,03/11/2021,Gordie,Rushbury,grushburyqi@51.la,,79.114.84.48,United States,$8.18,20
956,03/27/2021,Prue,Stango,pstangoqj@xrea.com,Male,62.205.108.234,United States,$7.70,
957,03/28/2021,Brandea,Adanet,badanetqk@hud.gov,Female,160.119.196.233,France,$7.93,20
958,03/20/2021,Morse,MacCosty,mmaccostyql@ucoz.com,Male,225.21.45.149,France,$3.07,20
959,03/25/2021,Hadleigh,Vella,hvellaqm@elegantthemes.com,Female,14.129.68.116,United States,$6.69,
960,03/22/2021,Lynne,Bagger,lbaggerqn@livejournal.com,Male,241.60.102.26,United States,$9.40,20
961,03/13/2021,Cart,Cristoforo,ccristoforoqo@ebay.co.uk,Female,198.15.109.151,United States,$9.77,20
962,03/07/2021,Trudy,Algy,talgyqp@topsy.com,Female,22.70.82.130,France,$9.16,
963,03/02/2021,Elspeth,Jaffrey,ejaffreyqq@huffingtonpost.com,Male,43.127.127.157,France,$7.97,
964,03/05/2021,Sarine,Gilkes,sgilkesqr@dell.com,Female,120.89.133.193,France,$5.92,20
965,03/16/2021,Marilyn,McKiernan,mmckiernanqs@mapy.cz,Male,50.243.237.247,Canada,$4.23,20
966,03/25/2021,Arabelle,Attock,aattockqt@technorati.com,Male,44.189.202.19,United States,$4.30,20
967,03/04/2021,Dorie,Bruckent,dbruckentqu@japanpost.jp,Male,56.95.174.242,United States,$7.95,
968,03/26/2021,Ame,Guinan,aguinanqv@narod.ru,Female,202.210.245.40,United States,$3.71,
969,03/29/2021,Adelice,Tillerton,atillertonqw@ft.com,Female,30.153.32.118,France,$9.55,
970,03/15/2021,Dody,Jakubovics,djakubovicsqx@ifeng.com,Female,0.217.109.79,Canada,$4.36,
971,03/27/2021,Abrahan,Osant,aosantqy@cbsnews.com,Female,78.88.255.165,United States,$4.39,20
972,03/09/2021,Devan,Kamena,dkamenaqz@umn.edu,Female,7.228.190.130,Canada,$7.25,20
973,03/26/2021,Margie,Summons,msummonsr0@reverbnation.com,Female,152.64.31.13,United States,$6.05,20
974,03/29/2021,Aridatha,Morse,amorser1@google.com.hk,Male,217.52.60.153,United States,$3.31,20
975,03/07/2021,Nehemiah,Kitcherside,nkitchersider2@google.com.br,Male,167.188.102.10,United States,$6.76,
976,03/02/2021,Leroi,Latus,llatusr3@istockphoto.com,Female,252.37.157.82,France,$5.19,20
977,03/03/2021,Sax,Prichet,sprichetr4@psu.edu,Female,180.67.195.59,France,$3.73,
978,03/14/2021,Bronny,Kemball,bkemballr5@thetimes.co.uk,,64.241.43.138,Morocco,$4.32,
979,03/18/2021,Bartolemo,Veelers,bveelersr6@smh.com.au,Male,149.150.196.237,Canada,$7.76,20
980,03/21/2021,Miquela,Geator,mgeatorr7@dot.gov,Male,26.111.31.113,France,$7.17,20
981,03/21/2021,Cari,Henze,chenzer8@toplist.cz,Male,24.235.87.125,France,$7.80,20
982,03/20/2021,Marty,Scad,mscadr9@addthis.com,Female,118.163.178.56,United States,$6.46,
983,03/07/2021,Aaren,Yesinin,ayesininra@parallels.com,Female,26.182.250.137,United States,$8.41,20
984,03/03/2021,Rhianon,McGrale,rmcgralerb@wix.com,Male,37.231.252.243,Morocco,$4.46,20
985,03/17/2021,Koressa,Abbado,kabbadorc@printfriendly.com,,20.188.127.195,United States,$4.33,
986,03/29/2021,Yvonne,Longworthy,ylongworthyrd@163.com,Female,9.59.123.181,France,$9.16,
987,03/05/2021,Dukey,Espinal,despinalre@accuweather.com,Male,30.61.204.231,United States,$4.07,20
988,03/13/2021,Patrice,Barr,pbarrrf@google.de,Male,14.129.223.239,United States,$6.20,20
989,03/07/2021,Yves,Botler,ybotlerrg@miitbeian.gov.cn,Female,148.191.87.121,United States,$6.10,20
990,03/16/2021,Horatius,Van Arsdalen,hvanarsdalenrh@prlog.org,,243.214.103.52,France,$8.69,20
991,03/19/2021,Shep,Thorburn,sthorburnri@prnewswire.com,Male,108.123.252.15,France,$7.02,20
992,03/07/2021,Elihu,Crush,ecrushrj@berkeley.edu,Male,174.38.173.53,Morocco,$5.05,20
993,03/04/2021,Maurene,Guilloneau,mguilloneaurk@about.me,Male,108.73.141.204,France,$9.19,
994,03/22/2021,Ossie,Snelle,osnellerl@nhs.uk,Male,230.187.67.246,France,$4.31,
995,03/17/2021,Carolyne,Bruntjen,cbruntjenrm@reference.com,Female,7.29.168.78,France,$5.68,20
996,03/24/2021,Duff,Errigo,derrigorn@elpais.com,Female,193.84.247.144,France,$3.63,
997,03/17/2021,Ame,Rastall,arastallro@toplist.cz,Female,188.219.12.109,,$4.59,20
998,03/13/2021,Betty,Stickels,bstickelsrp@cloudflare.com,Male,199.80.60.87,United States,$7.54,20
999,03/17/2021,Paquito,Tesoe,ptesoerq@rakuten.co.jp,Male,0.183.63.11,United States,$5.81,
1000,03/23/2021,Rochelle,Pringuer,rpringuerrr@house.gov,,170.193.249.83,Canada,$8.01,20
